ID_MARKET,LM_TNAME,LM_ENAME,CODE_ID,GROUP_ID,GROUP_TNAM,GROUP_ENAM,ADMIN_CODE,TAM_CODE,TAM_TNAME,TAM_ENAME,AMP_CODE,AMP_TNAME,AMP_ENAME,PROV_CODE,PROV_TNAME,PROV_ENAME,REG_CODE,REG_TNAME,REG_ENAME,POSTCOD,CNTRY_CODE,CNTRY_TNAM,CNTRY_ENAM,LAT,LONG
12018,ตลาดหนองจอก,Nongchok Market,14000,14,ตลาด,Market,6604014801,1,กระทุ่มราย,Krathum Rai,48,หนองจอก,Nong Chok,1,กรุงเทพมหานคร,Bangkok,4,กรุงเทพฯและปริมณฑล,Circumference,10530,66,ไทย,Thailand,13.856142,100.866584
12020,ตลาดกลางผลิตผลการเกษตร,Klang Phalitphon Karn Kaset Market,14000,14,ตลาด,Market,6604014801,1,กระทุ่มราย,Krathum Rai,48,หนองจอก,Nong Chok,1,กรุงเทพมหานคร,Bangkok,4,กรุงเทพฯและปริมณฑล,Circumference,10530,66,ไทย,Thailand,13.854484,100.872255
42828,ตลาดปัฐวิกรณ์,Pathawikorn Market,14000,14,ตลาด,Market,6604012601,1,คลองกุ่ม,Khlong Kum,26,บึงกุ่ม,Bung Kum,1,กรุงเทพมหานคร,Bangkok,4,กรุงเทพฯและปริมณฑล,Circumference,10240,66,ไทย,Thailand,13.812184,100.651752
70894,ตลาดวัดจันทราราม,Talat Wat Chan Thra Ram,14000,14,ตลาด,Market,6604012601,1,คลองกุ่ม,Khlong Kum,26,บึงกุ่ม,Bung Kum,1,กรุงเทพมหานคร,Bangkok,4,กรุงเทพฯและปริมณฑล,Circumference,10240,66,ไทย,Thailand,13.808191,100.650151
70905,ตลาดศูนย์การค้ามีนบุรี,Talat Sunkankha Min Buri,14000,14,ตลาด,Market,6604012601,1,คลองกุ่ม,Khlong Kum,26,บึงกุ่ม,Bung Kum,1,กรุงเทพมหานคร,Bangkok,4,กรุงเทพฯและปริมณฑล,Circumference,10240,66,ไทย,Thailand,13.812131,100.651802
12196,ตลาดแฮปปี้แลนด์,Happyland Market,14000,14,ตลาด,Market,6604011601,1,คลองจั่น,Khlong Chan,16,บางกะปิ,Bang Kapi,1,กรุงเทพมหานคร,Bangkok,4,กรุงเทพฯและปริมณฑล,Circumference,10240,66,ไทย,Thailand,13.781651,100.64471
12197,ตลาดสดนครไทย,Nakhonthai Market,14000,14,ตลาด,Market,6604011601,1,คลองจั่น,Khlong Chan,16,บางกะปิ,Bang Kapi,1,กรุงเทพมหานคร,Bangkok,4,กรุงเทพฯและปริมณฑล,Circumference,10240,66,ไทย,Thailand,13.775325,100.629636
42837,ตลาดกลางแฮปปี้แลนด์,Happyland Central Market,14000,14,ตลาด,Market,6604011601,1,คลองจั่น,Khlong Chan,16,บางกะปิ,Bang Kapi,1,กรุงเทพมหานคร,Bangkok,4,กรุงเทพฯและปริมณฑล,Circumference,10240,66,ไทย,Thailand,13.769669,100.642446
42838,ตลาดสดบางกะปิ,Bangkapi Market,14000,14,ตลาด,Market,6604011601,1,คลองจั่น,Khlong Chan,16,บางกะปิ,Bang Kapi,1,กรุงเทพมหานคร,Bangkok,4,กรุงเทพฯและปริมณฑล,Circumference,10240,66,ไทย,Thailand,13.766972,100.646239
70924,ตลาดองค์การตลาดเพื่อเกษตรกร,Talat Ongkan Talat Phuea Kasettakon,14000,14,ตลาด,Market,6604011601,1,คลองจั่น,Khlong Chan,16,บางกะปิ,Bang Kapi,1,กรุงเทพมหานคร,Bangkok,4,กรุงเทพฯและปริมณฑล,Circumference,10240,66,ไทย,Thailand,13.767611,100.6454
70930,ตลาดเอี่ยมสมบัติ,Talat Iam Sombat,14000,14,ตลาด,Market,6604011601,1,คลองจั่น,Khlong Chan,16,บางกะปิ,Bang Kapi,1,กรุงเทพมหานคร,Bangkok,4,กรุงเทพฯและปริมณฑล,Circumference,10240,66,ไทย,Thailand,13.775258,100.629687
70878,ตลาดมิ่งขวัญพัฒนา,Talat Mingkhwan Phatthana,14000,14,ตลาด,Market,6604011601,1,คลองจั่น,Khlong Chan,16,บางกะปิ,Bang Kapi,1,กรุงเทพมหานคร,Bangkok,4,กรุงเทพฯและปริมณฑล,Circumference,10240,66,ไทย,Thailand,13.769502,100.642486
70843,ตลาดคุณหญิงบุญมี,Talat Khunying Bunmi,14000,14,ตลาด,Market,6604011001,1,คลองชักพระ,Khlong Chak Phra,10,ตลิ่งชัน,Taling Chan,1,กรุงเทพมหานคร,Bangkok,4,กรุงเทพฯและปริมณฑล,Circumference,10170,66,ไทย,Thailand,13.776425,100.456702
12161,ตลาดเงินวิจิตร,Ngoen Wichit Market,14000,14,ตลาด,Market,6604010201,1,คลองต้นไทร,Khlong Ton Sai,2,คลองสาน,Khlong San,1,กรุงเทพมหานคร,Bangkok,4,กรุงเทพฯและปริมณฑล,Circumference,10600,66,ไทย,Thailand,13.724499,100.493242
12162,ตลาดสดเสสะเวช,Sesawet Market,14000,14,ตลาด,Market,6604010201,1,คลองต้นไทร,Khlong Ton Sai,2,คลองสาน,Khlong San,1,กรุงเทพมหานคร,Bangkok,4,กรุงเทพฯและปริมณฑล,Circumference,10600,66,ไทย,Thailand,13.724205,100.492709
70846,ตลาดเจริญพรผล,Talat Charoenphon Phon,14000,14,ตลาด,Market,6604010201,1,คลองต้นไทร,Khlong Ton Sai,2,คลองสาน,Khlong San,1,กรุงเทพมหานคร,Bangkok,4,กรุงเทพฯและปริมณฑล,Circumference,10600,66,ไทย,Thailand,13.724463,100.493202
12000,มีแอร์มาร์เก็ต,Mee Air Market,14000,14,ตลาด,Market,6604010101,1,คลองตัน,Khlong Tan,1,คลองเตย,Khlong Toei,1,กรุงเทพมหานคร,Bangkok,4,กรุงเทพฯและปริมณฑล,Circumference,10110,66,ไทย,Thailand,13.728031,100.568415
12001,ตลาดสายน้ำทิพย์,Sai Namthip Market,14000,14,ตลาด,Market,6604010101,1,คลองตัน,Khlong Tan,1,คลองเตย,Khlong Toei,1,กรุงเทพมหานคร,Bangkok,4,กรุงเทพฯและปริมณฑล,Circumference,10110,66,ไทย,Thailand,13.724174,100.565125
12171,ตลาดแสนอุดม,Saen U-dom Market,14000,14,ตลาด,Market,6604010101,1,คลองตัน,Khlong Tan,1,คลองเตย,Khlong Toei,1,กรุงเทพมหานคร,Bangkok,4,กรุงเทพฯและปริมณฑล,Circumference,10110,66,ไทย,Thailand,13.717609,100.57467
12173,ตลาดอรุโณทัย,Arunotai Market,14000,14,ตลาด,Market,6604010101,1,คลองตัน,Khlong Tan,1,คลองเตย,Khlong Toei,1,กรุงเทพมหานคร,Bangkok,4,กรุงเทพฯและปริมณฑล,Circumference,10110,66,ไทย,Thailand,13.71486,100.573672
12105,ตลาดสดเอกมัย,Ekkamai Market,14000,14,ตลาด,Market,6604014101,1,คลองตันเหนือ,Khlong Tan Nuea,41,วัฒนา,Vadhana,1,กรุงเทพมหานคร,Bangkok,4,กรุงเทพฯและปริมณฑล,Circumference,10110,66,ไทย,Thailand,13.740063,100.590106
12106,ตลาดประกอบ,Prakop Market,14000,14,ตลาด,Market,6604014101,1,คลองตันเหนือ,Khlong Tan Nuea,41,วัฒนา,Vadhana,1,กรุงเทพมหานคร,Bangkok,4,กรุงเทพฯและปริมณฑล,Circumference,10110,66,ไทย,Thailand,13.723802,100.579771
12175,วิลล่ามาร์เก็ต,Villa Market,14000,14,ตลาด,Market,6604014101,1,คลองตันเหนือ,Khlong Tan Nuea,41,วัฒนา,Vadhana,1,กรุงเทพมหานคร,Bangkok,4,กรุงเทพฯและปริมณฑล,Circumference,10110,66,ไทย,Thailand,13.73273,100.575994
12002,ตลาดท่าเรือคลองเตย1,Khlongtoei Market,14000,14,ตลาด,Market,6604010102,2,คลองเตย,Khlong Toei,1,คลองเตย,Khlong Toei,1,กรุงเทพมหานคร,Bangkok,4,กรุงเทพฯและปริมณฑล,Circumference,10110,66,ไทย,Thailand,13.719279,100.558964
12003,ตลาดท่าเรือคลองเตย2,Khlongtoei Market 2,14000,14,ตลาด,Market,6604010102,2,คลองเตย,Khlong Toei,1,คลองเตย,Khlong Toei,1,กรุงเทพมหานคร,Bangkok,4,กรุงเทพฯและปริมณฑล,Circumference,10110,66,ไทย,Thailand,13.719064,100.559534
12004,ตลาดสิงค์โปร์,Singapore Market,14000,14,ตลาด,Market,6604010102,2,คลองเตย,Khlong Toei,1,คลองเตย,Khlong Toei,1,กรุงเทพมหานคร,Bangkok,4,กรุงเทพฯและปริมณฑล,Circumference,10110,66,ไทย,Thailand,13.718557,100.557126
12005,ตลาดปีนัง(เก่า),Pinang Market(Old),14000,14,ตลาด,Market,6604010102,2,คลองเตย,Khlong Toei,1,คลองเตย,Khlong Toei,1,กรุงเทพมหานคร,Bangkok,4,กรุงเทพฯและปริมณฑล,Circumference,10110,66,ไทย,Thailand,13.717056,100.556553
12006,ตลาดปีนัง,Penang Market,14000,14,ตลาด,Market,6604010102,2,คลองเตย,Khlong Toei,1,คลองเตย,Khlong Toei,1,กรุงเทพมหานคร,Bangkok,4,กรุงเทพฯและปริมณฑล,Circumference,10110,66,ไทย,Thailand,13.717394,100.556633
12007,ตลาดคลองเตย,Khlong Toey Market,14000,14,ตลาด,Market,6604010102,2,คลองเตย,Khlong Toei,1,คลองเตย,Khlong Toei,1,กรุงเทพมหานคร,Bangkok,4,กรุงเทพฯและปริมณฑล,Circumference,10110,66,ไทย,Thailand,13.718255,100.55969
12172,ตลาดสดการเคหะ,Housing Authority Market,14000,14,ตลาด,Market,6604010102,2,คลองเตย,Khlong Toei,1,คลองเตย,Khlong Toei,1,กรุงเทพมหานคร,Bangkok,4,กรุงเทพฯและปริมณฑล,Circumference,10110,66,ไทย,Thailand,13.714098,100.572407
70848,ตลาดโชคชัย 4,Talat Chok Chai  4,14000,14,ตลาด,Market,6604010102,2,คลองเตย,Khlong Toei,1,คลองเตย,Khlong Toei,1,กรุงเทพมหานคร,Bangkok,4,กรุงเทพฯและปริมณฑล,Circumference,10110,66,ไทย,Thailand,13.719099,100.55944
70849,ตลาดไชยฉิมพลี,Talat Chai Chimphli,14000,14,ตลาด,Market,6604010102,2,คลองเตย,Khlong Toei,1,คลองเตย,Khlong Toei,1,กรุงเทพมหานคร,Bangkok,4,กรุงเทพฯและปริมณฑล,Circumference,10110,66,ไทย,Thailand,13.717125,100.556821
70866,ตลาดบางนานอก,Talat Bang Na Nok,14000,14,ตลาด,Market,6604010102,2,คลองเตย,Khlong Toei,1,คลองเตย,Khlong Toei,1,กรุงเทพมหานคร,Bangkok,4,กรุงเทพฯและปริมณฑล,Circumference,10110,66,ไทย,Thailand,13.719505,100.558466
12174,ตลาดอโศก,A Sok Market,14000,14,ตลาด,Market,6604014102,2,คลองเตยเหนือ,Khlong Toei Nuea,41,วัฒนา,Vadhana,1,กรุงเทพมหานคร,Bangkok,4,กรุงเทพฯและปริมณฑล,Circumference,10110,66,ไทย,Thailand,13.737117,100.560972
12024,ตลาดสวัสดิการทหารอากาศ,The Dept. of Welfare Market,14000,14,ตลาด,Market,6604014601,1,คลองถนน,Khlong Thanon,46,สายไหม,Sai Mai,1,กรุงเทพมหานคร,Bangkok,4,กรุงเทพฯและปริมณฑล,Circumference,10220,66,ไทย,Thailand,13.910008,100.621877
11968,ตลาดมหานาค,Mahanak Market,14000,14,ตลาด,Market,6604012901,1,คลองมหานาค,Khlong Maha Nak,29,ป้อมปราบศัตรูพ่าย,Pom Prap Sattru Phai,1,กรุงเทพมหานคร,Bangkok,4,กรุงเทพฯและปริมณฑล,Circumference,10100,66,ไทย,Thailand,13.753678,100.516485
11970,ตลาดวรจักร,Worachat Market,14000,14,ตลาด,Market,6604012901,1,คลองมหานาค,Khlong Maha Nak,29,ป้อมปราบศัตรูพ่าย,Pom Prap Sattru Phai,1,กรุงเทพมหานคร,Bangkok,4,กรุงเทพฯและปริมณฑล,Circumference,10100,66,ไทย,Thailand,13.753825,100.509703
11971,ตลาดโบ๊เบ๊,Bobae Market,14000,14,ตลาด,Market,6604012901,1,คลองมหานาค,Khlong Maha Nak,29,ป้อมปราบศัตรูพ่าย,Pom Prap Sattru Phai,1,กรุงเทพมหานคร,Bangkok,4,กรุงเทพฯและปริมณฑล,Circumference,10100,66,ไทย,Thailand,13.754787,100.515279
12014,ตลาดสวนมะลิ,Suan Mali Market,14000,14,ตลาด,Market,6604012901,1,คลองมหานาค,Khlong Maha Nak,29,ป้อมปราบศัตรูพ่าย,Pom Prap Sattru Phai,1,กรุงเทพมหานคร,Bangkok,4,กรุงเทพฯและปริมณฑล,Circumference,10100,66,ไทย,Thailand,13.75128,100.51131
12040,ตลาดคลองสาน,Khlong San Market,14000,14,ตลาด,Market,6604010202,2,คลองสาน,Khlong San,2,คลองสาน,Khlong San,1,กรุงเทพมหานคร,Bangkok,4,กรุงเทพฯและปริมณฑล,Circumference,10600,66,ไทย,Thailand,13.729093,100.509914
12160,ตลาดวงเวียนใหญ่,Wong Wian Yai Market,14000,14,ตลาด,Market,6604010202,2,คลองสาน,Khlong San,2,คลองสาน,Khlong San,1,กรุงเทพมหานคร,Bangkok,4,กรุงเทพฯและปริมณฑล,Circumference,10600,66,ไทย,Thailand,13.725085,100.493539
12164,ตลาดเจริญรัตน์,Charoen Rat Market,14000,14,ตลาด,Market,6604010202,2,คลองสาน,Khlong San,2,คลองสาน,Khlong San,1,กรุงเทพมหานคร,Bangkok,4,กรุงเทพฯและปริมณฑล,Circumference,10600,66,ไทย,Thailand,13.725137,100.494127
42831,ประตูน้ำ,Water Gate,14000,14,ตลาด,Market,6604010401,1,คันนายาว,Khan Na Yao,4,คันนายาว,Khan Na Yao,1,กรุงเทพมหานคร,Bangkok,4,กรุงเทพฯและปริมณฑล,Circumference,10230,66,ไทย,Thailand,13.802877,100.70039
70841,ตลาดเกรียงไกร,Talat Kriangkrai,14000,14,ตลาด,Market,6604010401,1,คันนายาว,Khan Na Yao,4,คันนายาว,Khan Na Yao,1,กรุงเทพมหานคร,Bangkok,4,กรุงเทพฯและปริมณฑล,Circumference,10230,66,ไทย,Thailand,13.826719,100.676548
12089,ตะวันนาเรสซิเดนท์ 2,Tawanna Residence 2,14000,14,ตลาด,Market,6604010505,5,จตุจักร,Chatuchak,5,จตุจักร,Chatuchak,1,กรุงเทพมหานคร,Bangkok,4,กรุงเทพฯและปริมณฑล,Circumference,10900,66,ไทย,Thailand,13.826215,100.553575
42817,ตลาดซันเดย์พลาซ่า,Sunday Plaza Market,14000,14,ตลาด,Market,6604010505,5,จตุจักร,Chatuchak,5,จตุจักร,Chatuchak,1,กรุงเทพมหานคร,Bangkok,4,กรุงเทพฯและปริมณฑล,Circumference,10900,66,ไทย,Thailand,13.800921,100.550435
42818,ตลาดนัดจตุจักร,Chatuchak Weekend Market,14000,14,ตลาด,Market,6604010505,5,จตุจักร,Chatuchak,5,จตุจักร,Chatuchak,1,กรุงเทพมหานคร,Bangkok,4,กรุงเทพฯและปริมณฑล,Circumference,10900,66,ไทย,Thailand,13.799286,100.550463
70929,ตลาดเอกมัย,Talat Ekkamai,14000,14,ตลาด,Market,6604010505,5,จตุจักร,Chatuchak,5,จตุจักร,Chatuchak,1,กรุงเทพมหานคร,Bangkok,4,กรุงเทพฯและปริมณฑล,Circumference,10900,66,ไทย,Thailand,13.796991,100.547385
12101,ตลาดสดพัวพัฒนา,Phuaphatthana Market,14000,14,ตลาด,Market,6604013901,1,จรเข้บัว,Chorakhe Bua,39,ลาดพร้าว,Lat Phrao,1,กรุงเทพมหานคร,Bangkok,4,กรุงเทพฯและปริมณฑล,Circumference,10230,66,ไทย,Thailand,13.846079,100.600906
12187,ตลาดเสนานิเวศน์,Senaniwet Market,14000,14,ตลาด,Market,6604013901,1,จรเข้บัว,Chorakhe Bua,39,ลาดพร้าว,Lat Phrao,1,กรุงเทพมหานคร,Bangkok,4,กรุงเทพฯและปริมณฑล,Circumference,10230,66,ไทย,Thailand,13.832437,100.602527
12158,ตลาดสุขสวัสดิ์,Suksawat Market,14000,14,ตลาด,Market,6604010601,1,จอมทอง,Chom Thong,6,จอมทอง,Chom Thong,1,กรุงเทพมหานคร,Bangkok,4,กรุงเทพฯและปริมณฑล,Circumference,10150,66,ไทย,Thailand,13.688946,100.482082
12159,ตลาดบางปะแก้ว,Bang Pha Kaew Market,14000,14,ตลาด,Market,6604010601,1,จอมทอง,Chom Thong,6,จอมทอง,Chom Thong,1,กรุงเทพมหานคร,Bangkok,4,กรุงเทพฯและปริมณฑล,Circumference,10150,66,ไทย,Thailand,13.686269,100.485238
70869,ตลาดปิ่นทอง,Talat Pin Thong,14000,14,ตลาด,Market,6604010601,1,จอมทอง,Chom Thong,6,จอมทอง,Chom Thong,1,กรุงเทพมหานคร,Bangkok,4,กรุงเทพฯและปริมณฑล,Circumference,10150,66,ไทย,Thailand,13.686014,100.48518
12090,ตลาดการบินไทย,Thai Airways Market,14000,14,ตลาด,Market,6604010504,4,จอมพล,Chom Phon,5,จตุจักร,Chatuchak,1,กรุงเทพมหานคร,Bangkok,4,กรุงเทพฯและปริมณฑล,Circumference,10900,66,ไทย,Thailand,13.806786,100.560839
12095,ตลาดปากทางลาดพร้าว(อุดมลาภ),Pakthang Latphrao Market(Udomlap),14000,14,ตลาด,Market,6604010504,4,จอมพล,Chom Phon,5,จตุจักร,Chatuchak,1,กรุงเทพมหานคร,Bangkok,4,กรุงเทพฯและปริมณฑล,Circumference,10900,66,ไทย,Thailand,13.813145,100.562382
12096,ตลาดลุงเพิ่ม,Lungphoem Market,14000,14,ตลาด,Market,6604010504,4,จอมพล,Chom Phon,5,จตุจักร,Chatuchak,1,กรุงเทพมหานคร,Bangkok,4,กรุงเทพฯและปริมณฑล,Circumference,10900,66,ไทย,Thailand,13.806243,100.562434
12098,ตลาดป.แสงทอง,Po Saengthong Market,14000,14,ตลาด,Market,6604010504,4,จอมพล,Chom Phon,5,จตุจักร,Chatuchak,1,กรุงเทพมหานคร,Bangkok,4,กรุงเทพฯและปริมณฑล,Circumference,10900,66,ไทย,Thailand,13.803134,100.561843
42819,ตลาดลาดพร้าว1,Lat Phrao 1 Market,14000,14,ตลาด,Market,6604010504,4,จอมพล,Chom Phon,5,จตุจักร,Chatuchak,1,กรุงเทพมหานคร,Bangkok,4,กรุงเทพฯและปริมณฑล,Circumference,10900,66,ไทย,Thailand,13.813166,100.561899
42820,ตลาดลาดพร้าวอุดมลาภ,Lat Phrao Udomlap Market,14000,14,ตลาด,Market,6604010504,4,จอมพล,Chom Phon,5,จตุจักร,Chatuchak,1,กรุงเทพมหานคร,Bangkok,4,กรุงเทพฯและปริมณฑล,Circumference,10900,66,ไทย,Thailand,13.813716,100.561689
11983,ตลาดนางลอย,Nangloi Market,14000,14,ตลาด,Market,6604014401,1,จักรวรรดิ,Chakkrawat,44,สัมพันธวงศ์,Samphanthawong,1,กรุงเทพมหานคร,Bangkok,4,กรุงเทพฯและปริมณฑล,Circumference,10100,66,ไทย,Thailand,13.74125,100.501903
11984,ตลาดเก่า,Old Market,14000,14,ตลาด,Market,6604014401,1,จักรวรรดิ,Chakkrawat,44,สัมพันธวงศ์,Samphanthawong,1,กรุงเทพมหานคร,Bangkok,4,กรุงเทพฯและปริมณฑล,Circumference,10100,66,ไทย,Thailand,13.740511,100.508478
11986,ตลาดเยาวราชเก่า,Yaowarat Kao Market,14000,14,ตลาด,Market,6604014401,1,จักรวรรดิ,Chakkrawat,44,สัมพันธวงศ์,Samphanthawong,1,กรุงเทพมหานคร,Bangkok,4,กรุงเทพฯและปริมณฑล,Circumference,10100,66,ไทย,Thailand,13.740588,100.508546
12097,ตลาดนัดสุภาพงษ์,Suphaphong Weekend Market,14000,14,ตลาด,Market,6604010503,3,จันทรเกษม,Chan Kasem,5,จตุจักร,Chatuchak,1,กรุงเทพมหานคร,Bangkok,4,กรุงเทพฯและปริมณฑล,Circumference,10900,66,ไทย,Thailand,13.80494,100.587977
12008,ตลาดบำรุงสุข,Bamrungsuk Market,14000,14,ตลาด,Market,6604013501,1,ช่องนนทรี,Chong Nonsi,35,ยานนาวา,Yannawa,1,กรุงเทพมหานคร,Bangkok,4,กรุงเทพฯและปริมณฑล,Circumference,10120,66,ไทย,Thailand,13.710525,100.542316
12009,ตลาดพันธุลาภ,Phanthulap Market,14000,14,ตลาด,Market,6604013501,1,ช่องนนทรี,Chong Nonsi,35,ยานนาวา,Yannawa,1,กรุงเทพมหานคร,Bangkok,4,กรุงเทพฯและปริมณฑล,Circumference,10120,66,ไทย,Thailand,13.707784,100.543733
12010,ตลาดช่องนนทรี(ตลาดเอกชน),Chongnonsi Market(Private Market),14000,14,ตลาด,Market,6604013501,1,ช่องนนทรี,Chong Nonsi,35,ยานนาวา,Yannawa,1,กรุงเทพมหานคร,Bangkok,4,กรุงเทพฯและปริมณฑล,Circumference,10120,66,ไทย,Thailand,13.700566,100.546172
12012,ตลาดรุ่งเจริญ,Rungcharoen Market,14000,14,ตลาด,Market,6604013501,1,ช่องนนทรี,Chong Nonsi,35,ยานนาวา,Yannawa,1,กรุงเทพมหานคร,Bangkok,4,กรุงเทพฯและปริมณฑล,Circumference,10120,66,ไทย,Thailand,13.694,100.534421
70906,ตลาดส่งเสรมการเกษตรไทย,Talat Song Se Rom Kan Kaset Thai,14000,14,ตลาด,Market,6604013501,1,ช่องนนทรี,Chong Nonsi,35,ยานนาวา,Yannawa,1,กรุงเทพมหานคร,Bangkok,4,กรุงเทพฯและปริมณฑล,Circumference,10120,66,ไทย,Thailand,13.707724,100.543722
12192,ตลาดกรุงเทพฯ - ราม 2,Bangkok - Ram 2 Market,14000,14,ตลาด,Market,6604012803,3,ดอกไม้,Dokmai,28,ประเวศ,Prawet,1,กรุงเทพมหานคร,Bangkok,4,กรุงเทพฯและปริมณฑล,Circumference,10250,66,ไทย,Thailand,13.671513,100.682722
12193,ตลาดนัมเบอร์วัน,Number One Market,14000,14,ตลาด,Market,6604012803,3,ดอกไม้,Dokmai,28,ประเวศ,Prawet,1,กรุงเทพมหานคร,Bangkok,4,กรุงเทพฯและปริมณฑล,Circumference,10250,66,ไทย,Thailand,13.670916,100.685128
12194,ตลาดนัมเบอร์วัน,Number One Market,14000,14,ตลาด,Market,6604012803,3,ดอกไม้,Dokmai,28,ประเวศ,Prawet,1,กรุงเทพมหานคร,Bangkok,4,กรุงเทพฯและปริมณฑล,Circumference,10250,66,ไทย,Thailand,13.670344,100.68494
12087,ตลาดสดดอนเมือง,Donmuang Market,14000,14,ตลาด,Market,6604010703,3,ดอนเมือง,Don Mueang,7,ดอนเมือง,Don Mueang,1,กรุงเทพมหานคร,Bangkok,4,กรุงเทพฯและปริมณฑล,Circumference,10210,66,ไทย,Thailand,13.923478,100.597161
70921,ตลาดใหม่ทุ่งครุ (ประชาอุทิศ 61),Talat Mai Thungkhru (Pracha Uthit 61),14000,14,ตลาด,Market,6604010703,3,ดอนเมือง,Don Mueang,7,ดอนเมือง,Don Mueang,1,กรุงเทพมหานคร,Bangkok,4,กรุงเทพฯและปริมณฑล,Circumference,10210,66,ไทย,Thailand,13.920953,100.599788
42834,ตลาดสดดาวคะนอง,Daokhanong Market,14000,14,ตลาด,Market,6604011306,6,ดาวคะนอง,Dao Khanong,13,ธนบุรี,Thon Buri,1,กรุงเทพมหานคร,Bangkok,4,กรุงเทพฯและปริมณฑล,Circumference,10600,66,ไทย,Thailand,13.69763,100.482522
42835,ตลาดสดกรมการค้าภายในกระทรวงพาณิชย์,Market of Dept. of Inland Trade Ministry of Commerce,14000,14,ตลาด,Market,6604011306,6,ดาวคะนอง,Dao Khanong,13,ธนบุรี,Thon Buri,1,กรุงเทพมหานคร,Bangkok,4,กรุงเทพฯและปริมณฑล,Circumference,10600,66,ไทย,Thailand,13.697077,100.48243
12148,ตลาดใหม่โกวบ๊อ,Ko Bo New Market,14000,14,ตลาด,Market,6604011306,6,ดาวคะนอง,Dao Khanong,13,ธนบุรี,Thon Buri,1,กรุงเทพมหานคร,Bangkok,4,กรุงเทพฯและปริมณฑล,Circumference,10600,66,ไทย,Thailand,13.703404,100.483932
12149,ตลาดสดบุคคโล,Bukkhalo Market,14000,14,ตลาด,Market,6604011306,6,ดาวคะนอง,Dao Khanong,13,ธนบุรี,Thon Buri,1,กรุงเทพมหานคร,Bangkok,4,กรุงเทพฯและปริมณฑล,Circumference,10600,66,ไทย,Thailand,13.702048,100.487652
12151,ตลาดเก่าบุคคโล,Bukkalo Market,14000,14,ตลาด,Market,6604011306,6,ดาวคะนอง,Dao Khanong,13,ธนบุรี,Thon Buri,1,กรุงเทพมหานคร,Bangkok,4,กรุงเทพฯและปริมณฑล,Circumference,10600,66,ไทย,Thailand,13.702073,100.488781
70855,ตลาดท่าเรือแห่งประเทศไทย,Talat Tharuea Haeng Prathet Thai,14000,14,ตลาด,Market,6604011306,6,ดาวคะนอง,Dao Khanong,13,ธนบุรี,Thon Buri,1,กรุงเทพมหานคร,Bangkok,4,กรุงเทพฯและปริมณฑล,Circumference,10600,66,ไทย,Thailand,13.703332,100.483968
12110,ตลาดสุทธิสาร,Sutthisan Market,14000,14,ตลาด,Market,6604010801,1,ดินแดง,Din Daeng,8,ดินแดง,Din Daeng,1,กรุงเทพมหานคร,Bangkok,4,กรุงเทพฯและปริมณฑล,Circumference,10400,66,ไทย,Thailand,13.788912,100.56599
12111,ตลาดสดเคหชุมชนห้วยขวาง,Huai Khuang Housing Community Market,14000,14,ตลาด,Market,6604010801,1,ดินแดง,Din Daeng,8,ดินแดง,Din Daeng,1,กรุงเทพมหานคร,Bangkok,4,กรุงเทพฯและปริมณฑล,Circumference,10400,66,ไทย,Thailand,13.778807,100.569418
12112,ตลาดโซน3,Zone 3 Market,14000,14,ตลาด,Market,6604010801,1,ดินแดง,Din Daeng,8,ดินแดง,Din Daeng,1,กรุงเทพมหานคร,Bangkok,4,กรุงเทพฯและปริมณฑล,Circumference,10400,66,ไทย,Thailand,13.777616,100.569952
12113,ตลาดสดห้วยขวางการเคหะแห่งชาติ,Huai Khuang Market NHA,14000,14,ตลาด,Market,6604010801,1,ดินแดง,Din Daeng,8,ดินแดง,Din Daeng,1,กรุงเทพมหานคร,Bangkok,4,กรุงเทพฯและปริมณฑล,Circumference,10400,66,ไทย,Thailand,13.777474,100.56852
12114,ตลาดกรุณากรุงเทพฯ,Karuna Bangkok Market,14000,14,ตลาด,Market,6604010801,1,ดินแดง,Din Daeng,8,ดินแดง,Din Daeng,1,กรุงเทพมหานคร,Bangkok,4,กรุงเทพฯและปริมณฑล,Circumference,10400,66,ไทย,Thailand,13.766754,100.557596
12115,ตลาดศรีวานิช,Sriwanit Market,14000,14,ตลาด,Market,6604010801,1,ดินแดง,Din Daeng,8,ดินแดง,Din Daeng,1,กรุงเทพมหานคร,Bangkok,4,กรุงเทพฯและปริมณฑล,Circumference,10400,66,ไทย,Thailand,13.7632,100.545595
12116,ตลาดศรีทองคำ,Srithongkham Market,14000,14,ตลาด,Market,6604010801,1,ดินแดง,Din Daeng,8,ดินแดง,Din Daeng,1,กรุงเทพมหานคร,Bangkok,4,กรุงเทพฯและปริมณฑล,Circumference,10400,66,ไทย,Thailand,13.761014,100.549446
12117,ตลาดกว้างพัฒนา,Khwang Phatthana Market,14000,14,ตลาด,Market,6604010801,1,ดินแดง,Din Daeng,8,ดินแดง,Din Daeng,1,กรุงเทพมหานคร,Bangkok,4,กรุงเทพฯและปริมณฑล,Circumference,10400,66,ไทย,Thailand,13.75788,100.558758
12118,ตลาดพญาไท,Phayathai Market,14000,14,ตลาด,Market,6604010801,1,ดินแดง,Din Daeng,8,ดินแดง,Din Daeng,1,กรุงเทพมหานคร,Bangkok,4,กรุงเทพฯและปริมณฑล,Circumference,10400,66,ไทย,Thailand,13.760649,100.555525
12119,ตลาดกรุณา,Karuna Market,14000,14,ตลาด,Market,6604010801,1,ดินแดง,Din Daeng,8,ดินแดง,Din Daeng,1,กรุงเทพมหานคร,Bangkok,4,กรุงเทพฯและปริมณฑล,Circumference,10400,66,ไทย,Thailand,13.767205,100.557348
12120,ตลาดยอดขวัญ,Yod Khwan Market,14000,14,ตลาด,Market,6604010801,1,ดินแดง,Din Daeng,8,ดินแดง,Din Daeng,1,กรุงเทพมหานคร,Bangkok,4,กรุงเทพฯและปริมณฑล,Circumference,10400,66,ไทย,Thailand,13.772984,100.564992
12121,ตลาดห้วยขวาง,Huai Khwang Market,14000,14,ตลาด,Market,6604010801,1,ดินแดง,Din Daeng,8,ดินแดง,Din Daeng,1,กรุงเทพมหานคร,Bangkok,4,กรุงเทพฯและปริมณฑล,Circumference,10400,66,ไทย,Thailand,13.77776,100.567581
12122,ตลาดเกียตริทรงชัย,Kiat Song Chai Market,14000,14,ตลาด,Market,6604010801,1,ดินแดง,Din Daeng,8,ดินแดง,Din Daeng,1,กรุงเทพมหานคร,Bangkok,4,กรุงเทพฯและปริมณฑล,Circumference,10400,66,ไทย,Thailand,13.778721,100.570538
42822,ตลาดอยู่เจริญ,Yu Charoen Market,14000,14,ตลาด,Market,6604010801,1,ดินแดง,Din Daeng,8,ดินแดง,Din Daeng,1,กรุงเทพมหานคร,Bangkok,4,กรุงเทพฯและปริมณฑล,Circumference,10400,66,ไทย,Thailand,13.756785,100.563557
70840,ตลาดกลางบางกระดี่,Talat Klang Bang Kradi,14000,14,ตลาด,Market,6604010801,1,ดินแดง,Din Daeng,8,ดินแดง,Din Daeng,1,กรุงเทพมหานคร,Bangkok,4,กรุงเทพฯและปริมณฑล,Circumference,10400,66,ไทย,Thailand,13.766119,100.56946
70900,ตลาดศิริชัย,Talat Siri Chai,14000,14,ตลาด,Market,6604010801,1,ดินแดง,Din Daeng,8,ดินแดง,Din Daeng,1,กรุงเทพมหานคร,Bangkok,4,กรุงเทพฯและปริมณฑล,Circumference,10400,66,ไทย,Thailand,13.760419,100.549923
70901,ตลาดศูนย์การค้าตลาดรุ่งเจริญ,Talat Sunkankha Talat Rung Charoen,14000,14,ตลาด,Market,6604010801,1,ดินแดง,Din Daeng,8,ดินแดง,Din Daeng,1,กรุงเทพมหานคร,Bangkok,4,กรุงเทพฯและปริมณฑล,Circumference,10400,66,ไทย,Thailand,13.758831,100.558954
70870,ตลาดพระเครื่องวงเวียนเล็ก,Talat Phrakhrueang Wongwian Lek,14000,14,ตลาด,Market,6604010801,1,ดินแดง,Din Daeng,8,ดินแดง,Din Daeng,1,กรุงเทพมหานคร,Bangkok,4,กรุงเทพฯและปริมณฑล,Circumference,10400,66,ไทย,Thailand,13.760924,100.555639
12084,ตลาดจันทร์ประวิทย์,Chan Prawit Market,14000,14,ตลาด,Market,6604010901,1,ดุสิต,Dusit,9,ดุสิต,Dusit,1,กรุงเทพมหานคร,Bangkok,4,กรุงเทพฯและปริมณฑล,Circumference,10300,66,ไทย,Thailand,13.7688,100.505171
11985,ตลาดน้อย,Noi Market,14000,14,ตลาด,Market,6604014402,2,ตลาดน้อย,Talat Noi,44,สัมพันธวงศ์,Samphanthawong,1,กรุงเทพมหานคร,Bangkok,4,กรุงเทพฯและปริมณฑล,Circumference,10100,66,ไทย,Thailand,13.733876,100.5135
12150,ตลาดมะลิทอง,Malithong Market,14000,14,ตลาด,Market,6604011301,1,ตลาดพลู,Talat Phlu,13,ธนบุรี,Thon Buri,1,กรุงเทพมหานคร,Bangkok,4,กรุงเทพฯและปริมณฑล,Circumference,10600,66,ไทย,Thailand,13.719735,100.472618
11989,ตลาดยอดบางลำภู,Yot Banglamphu Market,14000,14,ตลาด,Market,6604013202,2,ตลาดยอด,Talat Yot,32,พระนคร,Phra Nakhon,1,กรุงเทพมหานคร,Bangkok,4,กรุงเทพฯและปริมณฑล,Circumference,10200,66,ไทย,Thailand,13.761202,100.498715
11998,ตลาดบางลำภู,Bang Lam Phu Market,14000,14,ตลาด,Market,6604013202,2,ตลาดยอด,Talat Yot,32,พระนคร,Phra Nakhon,1,กรุงเทพมหานคร,Bangkok,4,กรุงเทพฯและปริมณฑล,Circumference,10200,66,ไทย,Thailand,13.76079,100.49929
12079,ตลาดสส.,Parliamentarian Market,14000,14,ตลาด,Market,6604010902,2,ถนนนครไชยศรี,Thanon Nakhon Chai Si,9,ดุสิต,Dusit,1,กรุงเทพมหานคร,Bangkok,4,กรุงเทพฯและปริมณฑล,Circumference,10300,66,ไทย,Thailand,13.792257,100.525426
12080,ตลาดนครไชยศรี,Nakhonchaisri Market,14000,14,ตลาด,Market,6604010902,2,ถนนนครไชยศรี,Thanon Nakhon Chai Si,9,ดุสิต,Dusit,1,กรุงเทพมหานคร,Bangkok,4,กรุงเทพฯและปริมณฑล,Circumference,10300,66,ไทย,Thailand,13.785721,100.512226
12081,ตลาดศรีย่าน,Sriyan Market,14000,14,ตลาด,Market,6604010902,2,ถนนนครไชยศรี,Thanon Nakhon Chai Si,9,ดุสิต,Dusit,1,กรุงเทพมหานคร,Bangkok,4,กรุงเทพฯและปริมณฑล,Circumference,10300,66,ไทย,Thailand,13.784868,100.512092
12082,ตลาดราชวัตร,Ratchawat Market,14000,14,ตลาด,Market,6604010902,2,ถนนนครไชยศรี,Thanon Nakhon Chai Si,9,ดุสิต,Dusit,1,กรุงเทพมหานคร,Bangkok,4,กรุงเทพฯและปริมณฑล,Circumference,10300,66,ไทย,Thailand,13.777896,100.523934
12085,ตลาดนครชัยศรี,Nakhon Chaisi Market,14000,14,ตลาด,Market,6604010902,2,ถนนนครไชยศรี,Thanon Nakhon Chai Si,9,ดุสิต,Dusit,1,กรุงเทพมหานคร,Bangkok,4,กรุงเทพฯและปริมณฑล,Circumference,10300,66,ไทย,Thailand,13.785306,100.51229
42815,ตลาดสดบางกระบือ,Bang Kra Bu Market,14000,14,ตลาด,Market,6604010902,2,ถนนนครไชยศรี,Thanon Nakhon Chai Si,9,ดุสิต,Dusit,1,กรุงเทพมหานคร,Bangkok,4,กรุงเทพฯและปริมณฑล,Circumference,10300,66,ไทย,Thailand,13.790414,100.515606
42816,ตลาดวัดจันทร์,Wat Chan Association Market,14000,14,ตลาด,Market,6604010902,2,ถนนนครไชยศรี,Thanon Nakhon Chai Si,9,ดุสิต,Dusit,1,กรุงเทพมหานคร,Bangkok,4,กรุงเทพฯและปริมณฑล,Circumference,10300,66,ไทย,Thailand,13.791113,100.514263
70853,ตลาดท่าเรือคลองเตย 1,Talat Tharuea Khlong Toei 1,14000,14,ตลาด,Market,6604010902,2,ถนนนครไชยศรี,Thanon Nakhon Chai Si,9,ดุสิต,Dusit,1,กรุงเทพมหานคร,Bangkok,4,กรุงเทพฯและปริมณฑล,Circumference,10300,66,ไทย,Thailand,13.784881,100.512024
70854,ตลาดท่าเรือคลองเตย 3,Talat Tharuea Khlong Toei 3,14000,14,ตลาด,Market,6604010902,2,ถนนนครไชยศรี,Thanon Nakhon Chai Si,9,ดุสิต,Dusit,1,กรุงเทพมหานคร,Bangkok,4,กรุงเทพฯและปริมณฑล,Circumference,10300,66,ไทย,Thailand,13.777974,100.523938
11976,ตลาดประตูน้ำ,Pratunam Market,14000,14,ตลาด,Market,6604013601,1,ถนนพญาไท,Thanon Phaya Thai,36,ราชเทวี,Ratchathewi,1,กรุงเทพมหานคร,Bangkok,4,กรุงเทพฯและปริมณฑล,Circumference,10400,66,ไทย,Thailand,13.752423,100.540138
42797,ตลาดเฉลิมลาภประตูน้ำ,Chaloem Lap Pratunam Market,14000,14,ตลาด,Market,6604013601,1,ถนนพญาไท,Thanon Phaya Thai,36,ราชเทวี,Ratchathewi,1,กรุงเทพมหานคร,Bangkok,4,กรุงเทพฯและปริมณฑล,Circumference,10400,66,ไทย,Thailand,13.750636,100.540722
42798,ตลาดเฉลิมลาภ,Chalaem Lap Market,14000,14,ตลาด,Market,6604013601,1,ถนนพญาไท,Thanon Phaya Thai,36,ราชเทวี,Ratchathewi,1,กรุงเทพมหานคร,Bangkok,4,กรุงเทพฯและปริมณฑล,Circumference,10400,66,ไทย,Thailand,13.750265,100.540871
11973,ตลาดสดกิ่งเพชร,Kingphet Market,14000,14,ตลาด,Market,6604013602,2,ถนนเพชรบุรี,Thanon Phetchaburi,36,ราชเทวี,Ratchathewi,1,กรุงเทพมหานคร,Bangkok,4,กรุงเทพฯและปริมณฑล,Circumference,10400,66,ไทย,Thailand,13.753008,100.529159
12070,ตลาดศาลาแดง,Saladaeng Market,14000,14,ตลาด,Market,6604011101,1,ทวีวัฒนา,Thawi Watthana,11,ทวีวัฒนา,Thawi Watthana,1,กรุงเทพมหานคร,Bangkok,4,กรุงเทพฯและปริมณฑล,Circumference,10170,66,ไทย,Thailand,13.752287,100.351773
12034,ตลาดทรัพย์สมบูรณ์,Sapsombun Market,14000,14,ตลาด,Market,6604011201,1,ทุ่งครุ,Thung Khru,12,ทุ่งครุ,Thung Khru,1,กรุงเทพมหานคร,Bangkok,4,กรุงเทพฯและปริมณฑล,Circumference,10140,66,ไทย,Thailand,13.627705,100.504054
11972,ตลาดกลาง,Central Market,14000,14,ตลาด,Market,6604013603,3,ทุ่งพญาไท,Thung Phaya Thai,36,ราชเทวี,Ratchathewi,1,กรุงเทพมหานคร,Bangkok,4,กรุงเทพฯและปริมณฑล,Circumference,10400,66,ไทย,Thailand,13.761392,100.529616
42800,ตลาดสวนพลู,Suanplu Market,14000,14,ตลาด,Market,6604014501,1,ทุ่งมหาเมฆ,Thung Maha Mek,45,สาทร,Sathon,1,กรุงเทพมหานคร,Bangkok,4,กรุงเทพฯและปริมณฑล,Circumference,10120,66,ไทย,Thailand,13.71911,100.538326
12011,ตลาดเยาวราช,Yaowarat Market,14000,14,ตลาด,Market,6604014502,2,ทุ่งวัดดอน,Thung Wat Don,45,สาทร,Sathon,1,กรุงเทพมหานคร,Bangkok,4,กรุงเทพฯและปริมณฑล,Circumference,10120,66,ไทย,Thailand,13.709263,100.530733
12180,ตลาดแก่นจันทร์,Kaen Chan Market,14000,14,ตลาด,Market,6604014502,2,ทุ่งวัดดอน,Thung Wat Don,45,สาทร,Sathon,1,กรุงเทพมหานคร,Bangkok,4,กรุงเทพฯและปริมณฑล,Circumference,10120,66,ไทย,Thailand,13.707301,100.519693
12181,ตลาดสะพานสาม,Saphan Sam Market,14000,14,ตลาด,Market,6604014502,2,ทุ่งวัดดอน,Thung Wat Don,45,สาทร,Sathon,1,กรุงเทพมหานคร,Bangkok,4,กรุงเทพฯและปริมณฑล,Circumference,10120,66,ไทย,Thailand,13.706137,100.52735
70909,ตลาดสายทิพย์,Talat Sai Thip,14000,14,ตลาด,Market,6604014502,2,ทุ่งวัดดอน,Thung Wat Don,45,สาทร,Sathon,1,กรุงเทพมหานคร,Bangkok,4,กรุงเทพฯและปริมณฑล,Circumference,10120,66,ไทย,Thailand,13.705924,100.527133
70928,ตลาดอุดมสุขพัฒนา,Talat Udom Suk Phatthana,14000,14,ตลาด,Market,6604014502,2,ทุ่งวัดดอน,Thung Wat Don,45,สาทร,Sathon,1,กรุงเทพมหานคร,Bangkok,4,กรุงเทพฯและปริมณฑล,Circumference,10120,66,ไทย,Thailand,13.707302,100.519802
42823,ตลาดสดพงษ์เพชร,Phongphet Market,14000,14,ตลาด,Market,6604014902,2,ทุ่งสองห้อง,Thung Song Hong,49,หลักสี่,Lak Si,1,กรุงเทพมหานคร,Bangkok,4,กรุงเทพฯและปริมณฑล,Circumference,10210,66,ไทย,Thailand,13.855316,100.546452
42824,ตลาดพงษ์เพชร,Phong Phet Market,14000,14,ตลาด,Market,6604014902,2,ทุ่งสองห้อง,Thung Song Hong,49,หลักสี่,Lak Si,1,กรุงเทพมหานคร,Bangkok,4,กรุงเทพฯและปริมณฑล,Circumference,10210,66,ไทย,Thailand,13.893147,100.559113
70912,ตลาดสินสมุทร (ลาดพร้าว 123),Talat Sin Samut (Lat Phrao 123),14000,14,ตลาด,Market,6604014902,2,ทุ่งสองห้อง,Thung Song Hong,49,หลักสี่,Lak Si,1,กรุงเทพมหานคร,Bangkok,4,กรุงเทพฯและปริมณฑล,Circumference,10210,66,ไทย,Thailand,13.89567,100.561851
12134,ตลาดสินธนา,Sinthana Market,14000,14,ตลาด,Market,6604012602,2,นวมินทร์,Nawamin,26,บึงกุ่ม,Bung Kum,1,กรุงเทพมหานคร,Bangkok,4,กรุงเทพฯและปริมณฑล,Circumference,10240,66,ไทย,Thailand,13.799953,100.648633
12195,ตลาดอินทรารักษ์,Inthrarak Market,14000,14,ตลาด,Market,6604012602,2,นวมินทร์,Nawamin,26,บึงกุ่ม,Bung Kum,1,กรุงเทพมหานคร,Bangkok,4,กรุงเทพฯและปริมณฑล,Circumference,10240,66,ไทย,Thailand,13.794518,100.651025
42829,ตลาดนวลจันทร์,Nuan Chan Market,14000,14,ตลาด,Market,6604012602,2,นวมินทร์,Nawamin,26,บึงกุ่ม,Bung Kum,1,กรุงเทพมหานคร,Bangkok,4,กรุงเทพฯและปริมณฑล,Circumference,10240,66,ไทย,Thailand,13.810201,100.648889
70893,ตลาดวัดจันทร์สโมสร,Talat Wat Chan Samoson,14000,14,ตลาด,Market,6604012602,2,นวมินทร์,Nawamin,26,บึงกุ่ม,Bung Kum,1,กรุงเทพมหานคร,Bangkok,4,กรุงเทพฯและปริมณฑล,Circumference,10240,66,ไทย,Thailand,13.809669,100.649085
12135,ตลาดโพธิ์สุวรรณ,Pho Suwan Market,14000,14,ตลาด,Market,6604012603,3,นวลจันทร์,Nuan Chan,26,บึงกุ่ม,Bung Kum,1,กรุงเทพมหานคร,Bangkok,4,กรุงเทพฯและปริมณฑล,Circumference,10240,66,ไทย,Thailand,13.832797,100.637988
70892,ตลาดวัดแขก(ซอยประชุม),Talat Wat Khaek (Soi Prachum),14000,14,ตลาด,Market,6604012603,3,นวลจันทร์,Nuan Chan,26,บึงกุ่ม,Bung Kum,1,กรุงเทพมหานคร,Bangkok,4,กรุงเทพฯและปริมณฑล,Circumference,10240,66,ไทย,Thailand,13.832834,100.638091
11999,ตลาดวันชาติ,Wanchat Market,14000,14,ตลาด,Market,6604013207,7,บวรนิเวศ,Bowon Niwet,32,พระนคร,Phra Nakhon,1,กรุงเทพมหานคร,Bangkok,4,กรุงเทพฯและปริมณฑล,Circumference,10200,66,ไทย,Thailand,13.759621,100.502916
12037,ตลาดน้ำวัดไทร,Wat Sai Floating Market,14000,14,ตลาด,Market,6604010602,2,บางขุนเทียน,Bang Khun Thian,6,จอมทอง,Chom Thong,1,กรุงเทพมหานคร,Bangkok,4,กรุงเทพฯและปริมณฑล,Circumference,10150,66,ไทย,Thailand,13.689827,100.457173
12038,ตลาดพิบูลย์วิทย์,Piboonwit Market,14000,14,ตลาด,Market,6604010602,2,บางขุนเทียน,Bang Khun Thian,6,จอมทอง,Chom Thong,1,กรุงเทพมหานคร,Bangkok,4,กรุงเทพฯและปริมณฑล,Circumference,10150,66,ไทย,Thailand,13.687024,100.443873
12039,ตลาดน้ำวัดไทร,Wat Sai Market,14000,14,ตลาด,Market,6604010602,2,บางขุนเทียน,Bang Khun Thian,6,จอมทอง,Chom Thong,1,กรุงเทพมหานคร,Bangkok,4,กรุงเทพฯและปริมณฑล,Circumference,10150,66,ไทย,Thailand,13.689369,100.45803
70868,ตลาดประชานิเวศน์ 1,Talat Pracha Niwet 1,14000,14,ตลาด,Market,6604010602,2,บางขุนเทียน,Bang Khun Thian,6,จอมทอง,Chom Thong,1,กรุงเทพมหานคร,Bangkok,4,กรุงเทพฯและปริมณฑล,Circumference,10150,66,ไทย,Thailand,13.686946,100.443959
11988,ตลาดผ้า,Fabric Market,14000,14,ตลาด,Market,6604013203,3,บางขุนพรหม,Bang Khun Phrom,32,พระนคร,Phra Nakhon,1,กรุงเทพมหานคร,Bangkok,4,กรุงเทพฯและปริมณฑล,Circumference,10200,66,ไทย,Thailand,13.768447,100.502891
12130,ตลาดสี่เสาเทเวศน์,Si Sao Thewat Market,14000,14,ตลาด,Market,6604013203,3,บางขุนพรหม,Bang Khun Phrom,32,พระนคร,Phra Nakhon,1,กรุงเทพมหานคร,Bangkok,4,กรุงเทพฯและปริมณฑล,Circumference,10200,66,ไทย,Thailand,13.768997,100.503564
12056,ตลาดนครหลวง,Nakhon Luang Market,14000,14,ตลาด,Market,6604011402,2,บางขุนศรี,Bang Khun Si,14,บางกอกน้อย,Bangkok Noi,1,กรุงเทพมหานคร,Bangkok,4,กรุงเทพฯและปริมณฑล,Circumference,10700,66,ไทย,Thailand,13.753089,100.468883
42809,ตลาดสดบางขุนศรี,Bangkhunsri Market,14000,14,ตลาด,Market,6604011402,2,บางขุนศรี,Bang Khun Si,14,บางกอกน้อย,Bangkok Noi,1,กรุงเทพมหานคร,Bangkok,4,กรุงเทพฯและปริมณฑล,Circumference,10700,66,ไทย,Thailand,13.758919,100.469158
42810,ตลาดบางขุนศรี,Bang Khun Sri Market,14000,14,ตลาด,Market,6604011402,2,บางขุนศรี,Bang Khun Si,14,บางกอกน้อย,Bangkok Noi,1,กรุงเทพมหานคร,Bangkok,4,กรุงเทพฯและปริมณฑล,Circumference,10700,66,ไทย,Thailand,13.758917,100.469365
12156,ตลาดบางขุนเทียน,Bangkhunthian Market,14000,14,ตลาด,Market,6604010603,3,บางค้อ,Bang Kho,6,จอมทอง,Chom Thong,1,กรุงเทพมหานคร,Bangkok,4,กรุงเทพฯและปริมณฑล,Circumference,10150,66,ไทย,Thailand,13.699591,100.46775
12157,ตลาดสดจอมทอง,Chomthong Market,14000,14,ตลาด,Market,6604010603,3,บางค้อ,Bang Kho,6,จอมทอง,Chom Thong,1,กรุงเทพมหานคร,Bangkok,4,กรุงเทพฯและปริมณฑล,Circumference,10150,66,ไทย,Thailand,13.698943,100.470926
70850,ตลาดโต้รุ่งหัวหมาก,Talat To Rung Hua Mak,14000,14,ตลาด,Market,6604010603,3,บางค้อ,Bang Kho,6,จอมทอง,Chom Thong,1,กรุงเทพมหานคร,Bangkok,4,กรุงเทพฯและปริมณฑล,Circumference,10150,66,ไทย,Thailand,13.699042,100.470938
70851,ตลาดถนอมมิตร,Talat Thanom Mit,14000,14,ตลาด,Market,6604010603,3,บางค้อ,Bang Kho,6,จอมทอง,Chom Thong,1,กรุงเทพมหานคร,Bangkok,4,กรุงเทพฯและปริมณฑล,Circumference,10150,66,ไทย,Thailand,13.699696,100.467762
12183,ตลาดสดบางคอแหลม,Bang Kholaem Market,14000,14,ตลาด,Market,6604011901,1,บางคอแหลม,Bang Kho Laem,19,บางคอแหลม,Bang Kho Laem,1,กรุงเทพมหานคร,Bangkok,4,กรุงเทพฯและปริมณฑล,Circumference,10120,66,ไทย,Thailand,13.697887,100.498329
12184,ตลาดบางคอแหลม,Bang Kho Leam Market,14000,14,ตลาด,Market,6604011901,1,บางคอแหลม,Bang Kho Laem,19,บางคอแหลม,Bang Kho Laem,1,กรุงเทพมหานคร,Bangkok,4,กรุงเทพฯและปริมณฑล,Circumference,10120,66,ไทย,Thailand,13.698227,100.497869
70858,ตลาดนครไทย,Talat Nakhon Thai,14000,14,ตลาด,Market,6604011901,1,บางคอแหลม,Bang Kho Laem,19,บางคอแหลม,Bang Kho Laem,1,กรุงเทพมหานคร,Bangkok,4,กรุงเทพฯและปริมณฑล,Circumference,10120,66,ไทย,Thailand,13.697929,100.498242
12058,ตลาดเจริญทรัพย์,Charoensub Market,14000,14,ตลาด,Market,6604012001,1,บางแค,Bang Khae,20,บางแค,Bang Khae,1,กรุงเทพมหานคร,Bangkok,4,กรุงเทพฯและปริมณฑล,Circumference,10160,66,ไทย,Thailand,13.69515,100.421152
12061,ตลาดใหม่บางแค,New Bang Khae Market,14000,14,ตลาด,Market,6604012001,1,บางแค,Bang Khae,20,บางแค,Bang Khae,1,กรุงเทพมหานคร,Bangkok,4,กรุงเทพฯและปริมณฑล,Circumference,10160,66,ไทย,Thailand,13.711675,100.424489
12062,ตลาดทวีทรัพย์,Thawesap Market,14000,14,ตลาด,Market,6604012001,1,บางแค,Bang Khae,20,บางแค,Bang Khae,1,กรุงเทพมหานคร,Bangkok,4,กรุงเทพฯและปริมณฑล,Circumference,10160,66,ไทย,Thailand,13.711761,100.425031
70881,ตลาดเมืองทอง,Talat Mueang Thong,14000,14,ตลาด,Market,6604012001,1,บางแค,Bang Khae,20,บางแค,Bang Khae,1,กรุงเทพมหานคร,Bangkok,4,กรุงเทพฯและปริมณฑล,Circumference,10160,66,ไทย,Thailand,13.711697,100.424928
12060,ตลาดสดสินเนรมิต (หมู่บ้านเศรษฐกิจ),Sinneramit Food Market (Setthakit Village),14000,14,ตลาด,Market,6604012002,2,บางแคเหนือ,Bang Khae Nuea,20,บางแค,Bang Khae,1,กรุงเทพมหานคร,Bangkok,4,กรุงเทพฯและปริมณฑล,Circumference,10160,66,ไทย,Thailand,13.71963,100.374407
12063,ตลาดใหม่ม.เศรษฐกิจ,Muban Settakit Market,14000,14,ตลาด,Market,6604012002,2,บางแคเหนือ,Bang Khae Nuea,20,บางแค,Bang Khae,1,กรุงเทพมหานคร,Bangkok,4,กรุงเทพฯและปริมณฑล,Circumference,10160,66,ไทย,Thailand,13.719587,100.374774
12136,ตลาดบางจาก,Bang Chak Market,14000,14,ตลาด,Market,6604013101,1,บางจาก,Bang Chak,31,พระโขนง,Phasi Charoen,1,กรุงเทพมหานคร,Bangkok,4,กรุงเทพฯและปริมณฑล,Circumference,10260,66,ไทย,Thailand,13.699354,100.604887
12048,ตลาดบางซ่อน,Bangson Market,14000,14,ตลาด,Market,6604012101,1,บางซื่อ,Bang Sue,21,บางซื่อ,Bang Sue,1,กรุงเทพมหานคร,Bangkok,4,กรุงเทพฯและปริมณฑล,Circumference,10800,66,ไทย,Thailand,13.822027,100.532097
12049,ตลาดศูนย์การค้าประชาชื่น,Prachachun Center Market,14000,14,ตลาด,Market,6604012101,1,บางซื่อ,Bang Sue,21,บางซื่อ,Bang Sue,1,กรุงเทพมหานคร,Bangkok,4,กรุงเทพฯและปริมณฑล,Circumference,10800,66,ไทย,Thailand,13.811398,100.533661
12050,ตลาดบางซื่อ,Bangsue Market,14000,14,ตลาด,Market,6604012101,1,บางซื่อ,Bang Sue,21,บางซื่อ,Bang Sue,1,กรุงเทพมหานคร,Bangkok,4,กรุงเทพฯและปริมณฑล,Circumference,10800,66,ไทย,Thailand,13.800036,100.534016
12051,ตลาดเกียกกาย,Klak Kai Market,14000,14,ตลาด,Market,6604012101,1,บางซื่อ,Bang Sue,21,บางซื่อ,Bang Sue,1,กรุงเทพมหานคร,Bangkok,4,กรุงเทพฯและปริมณฑล,Circumference,10800,66,ไทย,Thailand,13.800033,100.521092
12052,ตลาดมณีพิมาน,Mani Phiman Market,14000,14,ตลาด,Market,6604012101,1,บางซื่อ,Bang Sue,21,บางซื่อ,Bang Sue,1,กรุงเทพมหานคร,Bangkok,4,กรุงเทพฯและปริมณฑล,Circumference,10800,66,ไทย,Thailand,13.80583,100.531734
12053,ตลาดบางโพ,Bang Po Market,14000,14,ตลาด,Market,6604012101,1,บางซื่อ,Bang Sue,21,บางซื่อ,Bang Sue,1,กรุงเทพมหานคร,Bangkok,4,กรุงเทพฯและปริมณฑล,Circumference,10800,66,ไทย,Thailand,13.806547,100.522207
70883,ตลาดรามอินทรา,Talat Ramindra,14000,14,ตลาด,Market,6604012101,1,บางซื่อ,Bang Sue,21,บางซื่อ,Bang Sue,1,กรุงเทพมหานคร,Bangkok,4,กรุงเทพฯและปริมณฑล,Circumference,10800,66,ไทย,Thailand,13.799996,100.534066
12137,ตลาดอุดมสุข,Udomsuk Market,14000,14,ตลาด,Market,6604012201,1,บางนา,Bang Na,22,บางนา,Bang Na,1,กรุงเทพมหานคร,Bangkok,4,กรุงเทพฯและปริมณฑล,Circumference,10260,66,ไทย,Thailand,13.680282,100.610456
12142,ตลาดสี่แยกบางนา,Siyaek Bang Na Market,14000,14,ตลาด,Market,6604012201,1,บางนา,Bang Na,22,บางนา,Bang Na,1,กรุงเทพมหานคร,Bangkok,4,กรุงเทพฯและปริมณฑล,Circumference,10260,66,ไทย,Thailand,13.672732,100.605324
12143,ตลาดสดลาซาล 2000,Lasalle 2000 Food Market,14000,14,ตลาด,Market,6604012201,1,บางนา,Bang Na,22,บางนา,Bang Na,1,กรุงเทพมหานคร,Bangkok,4,กรุงเทพฯและปริมณฑล,Circumference,10260,66,ไทย,Thailand,13.663453,100.616336
12144,ตลาดดวงพลอย,Duangploy Market,14000,14,ตลาด,Market,6604012201,1,บางนา,Bang Na,22,บางนา,Bang Na,1,กรุงเทพมหานคร,Bangkok,4,กรุงเทพฯและปริมณฑล,Circumference,10260,66,ไทย,Thailand,13.662856,100.618563
42830,ตลาดทุ่งสาธิต,Thung Sathit Market,14000,14,ตลาด,Market,6604012201,1,บางนา,Bang Na,22,บางนา,Bang Na,1,กรุงเทพมหานคร,Bangkok,4,กรุงเทพฯและปริมณฑล,Circumference,10260,66,ไทย,Thailand,13.683884,100.611413
70884,ตลาดรุ่งอรุณ,Talat Rung Arun,14000,14,ตลาด,Market,6604012201,1,บางนา,Bang Na,22,บางนา,Bang Na,1,กรุงเทพมหานคร,Bangkok,4,กรุงเทพฯและปริมณฑล,Circumference,10260,66,ไทย,Thailand,13.675989,100.589821
70885,ตลาดลาซาล 2000,Talat La San 2000,14000,14,ตลาด,Market,6604012201,1,บางนา,Bang Na,22,บางนา,Bang Na,1,กรุงเทพมหานคร,Bangkok,4,กรุงเทพฯและปริมณฑล,Circumference,10260,66,ไทย,Thailand,13.672745,100.605357
70886,ตลาดลาดพร้าว สะพาน 2,Talat Lat Phrao Saphan 2,14000,14,ตลาด,Market,6604012201,1,บางนา,Bang Na,22,บางนา,Bang Na,1,กรุงเทพมหานคร,Bangkok,4,กรุงเทพฯและปริมณฑล,Circumference,10260,66,ไทย,Thailand,13.678315,100.610164
70887,ตลาดลานบุญ,Talat Lan Bun,14000,14,ตลาด,Market,6604012201,1,บางนา,Bang Na,22,บางนา,Bang Na,1,กรุงเทพมหานคร,Bangkok,4,กรุงเทพฯและปริมณฑล,Circumference,10260,66,ไทย,Thailand,13.683794,100.619499
70913,ตลาดสุคนธสวัสดิ์,Talat Su Khontha Sawat,14000,14,ตลาด,Market,6604012201,1,บางนา,Bang Na,22,บางนา,Bang Na,1,กรุงเทพมหานคร,Bangkok,4,กรุงเทพฯและปริมณฑล,Circumference,10260,66,ไทย,Thailand,13.678287,100.610558
70914,ตลาดเสรีมาร์เก็ต,Talat Seri Maket,14000,14,ตลาด,Market,6604012201,1,บางนา,Bang Na,22,บางนา,Bang Na,1,กรุงเทพมหานคร,Bangkok,4,กรุงเทพฯและปริมณฑล,Circumference,10260,66,ไทย,Thailand,13.663291,100.616352
70915,ตลาดแสงกาญจนวานิช,Talat Saeng Kanchana Wanit,14000,14,ตลาด,Market,6604012201,1,บางนา,Bang Na,22,บางนา,Bang Na,1,กรุงเทพมหานคร,Bangkok,4,กรุงเทพฯและปริมณฑล,Circumference,10260,66,ไทย,Thailand,13.662795,100.618565
12031,ตลาดสดปิ่นทอง,Pinthong Food Market,14000,14,ตลาด,Market,6604012301,1,บางบอน,Bang Bon,23,บางบอน,Bang Bon,1,กรุงเทพมหานคร,Bangkok,4,กรุงเทพฯและปริมณฑล,Circumference,10150,66,ไทย,Thailand,13.683274,100.440015
12065,ตลาดสดดี.เค.,D.K. Food Market,14000,14,ตลาด,Market,6604012301,1,บางบอน,Bang Bon,23,บางบอน,Bang Bon,1,กรุงเทพมหานคร,Bangkok,4,กรุงเทพฯและปริมณฑล,Circumference,10150,66,ไทย,Thailand,13.651084,100.407113
42812,ตลาดศิริชัยบางบอน,Sirichai Bangbon Market,14000,14,ตลาด,Market,6604012301,1,บางบอน,Bang Bon,23,บางบอน,Bang Bon,1,กรุงเทพมหานคร,Bangkok,4,กรุงเทพฯและปริมณฑล,Circumference,10150,66,ไทย,Thailand,13.672799,100.427087
42813,ตลาดเอกชัย,Ekachai Market,14000,14,ตลาด,Market,6604012301,1,บางบอน,Bang Bon,23,บางบอน,Bang Bon,1,กรุงเทพมหานคร,Bangkok,4,กรุงเทพฯและปริมณฑล,Circumference,10150,66,ไทย,Thailand,13.674853,100.426576
42814,สุขสวัสดีตลาดใหม่บางบอน,Suksawasdee New Bangbon Market,14000,14,ตลาด,Market,6604012301,1,บางบอน,Bang Bon,23,บางบอน,Bang Bon,1,กรุงเทพมหานคร,Bangkok,4,กรุงเทพฯและปริมณฑล,Circumference,10150,66,ไทย,Thailand,13.674363,100.424417
70888,ตลาดลำสาลี,Talat Lam Sali,14000,14,ตลาด,Market,6604012301,1,บางบอน,Bang Bon,23,บางบอน,Bang Bon,1,กรุงเทพมหานคร,Bangkok,4,กรุงเทพฯและปริมณฑล,Circumference,10150,66,ไทย,Thailand,13.674895,100.426607
70889,ตลาดวงเวียนใหญ่ตอนใต้,Talat Wongwian Yai Ton Tai,14000,14,ตลาด,Market,6604012301,1,บางบอน,Bang Bon,23,บางบอน,Bang Bon,1,กรุงเทพมหานคร,Bangkok,4,กรุงเทพฯและปริมณฑล,Circumference,10150,66,ไทย,Thailand,13.673282,100.426846
12043,ตลาดนัดรถยนต์ทานชาติ,Thannachat Car Market,14000,14,ตลาด,Market,6604012401,1,บางบำหรุ,Bang Bamru,24,บางพลัด,Bang Phlat,1,กรุงเทพมหานคร,Bangkok,4,กรุงเทพฯและปริมณฑล,Circumference,10700,66,ไทย,Thailand,13.785194,100.491522
12044,ตลาดบางพัฒนา,Bangphatthana Market,14000,14,ตลาด,Market,6604012401,1,บางบำหรุ,Bang Bamru,24,บางพลัด,Bang Phlat,1,กรุงเทพมหานคร,Bangkok,4,กรุงเทพฯและปริมณฑล,Circumference,10700,66,ไทย,Thailand,13.783907,100.489989
12046,ตลาดวัดรวก,Wat Ruak Market,14000,14,ตลาด,Market,6604012401,1,บางบำหรุ,Bang Bamru,24,บางพลัด,Bang Phlat,1,กรุงเทพมหานคร,Bangkok,4,กรุงเทพฯและปริมณฑล,Circumference,10700,66,ไทย,Thailand,13.780984,100.484825
70859,ตลาดนางลิ้นจี่,Talat Nang Linchi,14000,14,ตลาด,Market,6604012401,1,บางบำหรุ,Bang Bamru,24,บางพลัด,Bang Phlat,1,กรุงเทพมหานคร,Bangkok,4,กรุงเทพฯและปริมณฑล,Circumference,10700,66,ไทย,Thailand,13.783881,100.490076
42807,ตลาดสดบางปะกอก,Bangpakok Market,14000,14,ตลาด,Market,6604013701,1,บางปะกอก,Bang Pakok,37,ราษฎร์บูรณะ,Rat Burana,1,กรุงเทพมหานคร,Bangkok,4,กรุงเทพฯและปริมณฑล,Circumference,10140,66,ไทย,Thailand,13.67777,100.500111
42808,ตลาดบางปะกอก,Bang Pha Kok Market,14000,14,ตลาด,Market,6604013701,1,บางปะกอก,Bang Pakok,37,ราษฎร์บูรณะ,Rat Burana,1,กรุงเทพมหานคร,Bangkok,4,กรุงเทพฯและปริมณฑล,Circumference,10140,66,ไทย,Thailand,13.678346,100.499982
42832,ตลาดวัดราษฎร์บูรณะ,Wat Rat Burana Market,14000,14,ตลาด,Market,6604013701,1,บางปะกอก,Bang Pakok,37,ราษฎร์บูรณะ,Rat Burana,1,กรุงเทพมหานคร,Bangkok,4,กรุงเทพฯและปริมณฑล,Circumference,10140,66,ไทย,Thailand,13.682395,100.503068
70844,ตลาดเคหะชุมชนรามคำแหง,Talat Kheha Chumchon Ramkhamhaeng,14000,14,ตลาด,Market,6604011005,5,บางพรม,Bang Phrom,10,ตลิ่งชัน,Taling Chan,1,กรุงเทพมหานคร,Bangkok,4,กรุงเทพฯและปริมณฑล,Circumference,10170,66,ไทย,Thailand,13.747396,100.438185
70891,ตลาดวัฒนานันท์,Talat Watthana Nan,14000,14,ตลาด,Market,6604012402,2,บางพลัด,Bang Phlat,24,บางพลัด,Bang Phlat,1,กรุงเทพมหานคร,Bangkok,4,กรุงเทพฯและปริมณฑล,Circumference,10700,66,ไทย,Thailand,13.791322,100.501957
12177,ตลาดสดบางโพงพาง,Bang Phongphang Market,14000,14,ตลาด,Market,6604013502,2,บางโพงพาง,Bang Phongphang,35,ยานนาวา,Yannawa,1,กรุงเทพมหานคร,Bangkok,4,กรุงเทพฯและปริมณฑล,Circumference,10120,66,ไทย,Thailand,13.679631,100.531875
12178,ตลาดบางโพงพาง,Bang Phong Phang Market,14000,14,ตลาด,Market,6604013502,2,บางโพงพาง,Bang Phongphang,35,ยานนาวา,Yannawa,1,กรุงเทพมหานคร,Bangkok,4,กรุงเทพฯและปริมณฑล,Circumference,10120,66,ไทย,Thailand,13.679976,100.532249
12179,ตลาดวัดดอกใหม่,Wat Dok Mai Market,14000,14,ตลาด,Market,6604013502,2,บางโพงพาง,Bang Phongphang,35,ยานนาวา,Yannawa,1,กรุงเทพมหานคร,Bangkok,4,กรุงเทพฯและปริมณฑล,Circumference,10120,66,ไทย,Thailand,13.684659,100.526839
12176,ตลาดสดวัดดอกไม้,Wat Dokmai Market,14000,14,ตลาด,Market,6604013502,2,บางโพงพาง,Bang Phongphang,35,ยานนาวา,Yannawa,1,กรุงเทพมหานคร,Bangkok,4,กรุงเทพฯและปริมณฑล,Circumference,10120,66,ไทย,Thailand,13.684469,100.526485
70864,ตลาดบางกะปิ,Talat Bang Kapi,14000,14,ตลาด,Market,6604013502,2,บางโพงพาง,Bang Phongphang,35,ยานนาวา,Yannawa,1,กรุงเทพมหานคร,Bangkok,4,กรุงเทพฯและปริมณฑล,Circumference,10120,66,ไทย,Thailand,13.679572,100.531979
12032,ตลาดโค้งหวังเต๊ะ,Khong Wang Te Market,14000,14,ตลาด,Market,6604011202,2,บางมด,Bang Mot,12,ทุ่งครุ,Thung Khru,1,กรุงเทพมหานคร,Bangkok,4,กรุงเทพฯและปริมณฑล,Circumference,10140,66,ไทย,Thailand,13.645677,100.498164
12033,ตลาดใหม่ประชาอุทิศ61,Pracha Uthit 61 New Market,14000,14,ตลาด,Market,6604011202,2,บางมด,Bang Mot,12,ทุ่งครุ,Thung Khru,1,กรุงเทพมหานคร,Bangkok,4,กรุงเทพฯและปริมณฑล,Circumference,10140,66,ไทย,Thailand,13.645288,100.499779
12036,ตลาดโพธิ์ทอง,Phothong Market,14000,14,ตลาด,Market,6604010604,4,บางมด,Bang Mot,6,จอมทอง,Chom Thong,1,กรุงเทพมหานคร,Bangkok,4,กรุงเทพฯและปริมณฑล,Circumference,10150,66,ไทย,Thailand,13.681565,100.478989
12045,ตลาดกรุงธน,Krung Thon Market,14000,14,ตลาด,Market,6604012403,3,บางยี่ขัน,Bang Yi Khan,24,บางพลัด,Bang Phlat,1,กรุงเทพมหานคร,Bangkok,4,กรุงเทพฯและปริมณฑล,Circumference,10700,66,ไทย,Thailand,13.783751,100.495619
12047,ตลาดพงษ์ทรัพย์,Phong Sap Market,14000,14,ตลาด,Market,6604012403,3,บางยี่ขัน,Bang Yi Khan,24,บางพลัด,Bang Phlat,1,กรุงเทพมหานคร,Bangkok,4,กรุงเทพฯและปริมณฑล,Circumference,10700,66,ไทย,Thailand,13.778929,100.487173
70890,ตลาดวงศกร,Talat Wongsakon,14000,14,ตลาด,Market,6604012403,3,บางยี่ขัน,Bang Yi Khan,24,บางพลัด,Bang Phlat,1,กรุงเทพมหานคร,Bangkok,4,กรุงเทพฯและปริมณฑล,Circumference,10700,66,ไทย,Thailand,13.783774,100.495463
12146,ตลาดสดวัดกลาง,Wat Klang Market,14000,14,ตลาด,Market,6604011302,2,บางยี่เรือ,Bang Yi Ruea,13,ธนบุรี,Thon Buri,1,กรุงเทพมหานคร,Bangkok,4,กรุงเทพฯและปริมณฑล,Circumference,10600,66,ไทย,Thailand,13.723094,100.481
12153,ตลาดศรีธน,Sri Thon Market,14000,14,ตลาด,Market,6604011302,2,บางยี่เรือ,Bang Yi Ruea,13,ธนบุรี,Thon Buri,1,กรุงเทพมหานคร,Bangkok,4,กรุงเทพฯและปริมณฑล,Circumference,10600,66,ไทย,Thailand,13.723638,100.48471
12154,ตลาดเสสะเวช,Sesawet Market,14000,14,ตลาด,Market,6604011302,2,บางยี่เรือ,Bang Yi Ruea,13,ธนบุรี,Thon Buri,1,กรุงเทพมหานคร,Bangkok,4,กรุงเทพฯและปริมณฑล,Circumference,10600,66,ไทย,Thailand,13.725434,100.486975
12155,ตลาดบางยี่เรือ,Bang Yi Rua Market,14000,14,ตลาด,Market,6604011302,2,บางยี่เรือ,Bang Yi Ruea,13,ธนบุรี,Thon Buri,1,กรุงเทพมหานคร,Bangkok,4,กรุงเทพฯและปริมณฑล,Circumference,10600,66,ไทย,Thailand,13.72647,100.489487
70871,ตลาดพัฒนาการ,Talat Phatthanakan,14000,14,ตลาด,Market,6604011302,2,บางยี่เรือ,Bang Yi Ruea,13,ธนบุรี,Thon Buri,1,กรุงเทพมหานคร,Bangkok,4,กรุงเทพฯและปริมณฑล,Circumference,10600,66,ไทย,Thailand,13.722979,100.480825
70845,ตลาดเคหะออเงิน,Talat Kheha O Ngoen,14000,14,ตลาด,Market,6604011006,6,บางระมาด,Bang Ramat,10,ตลิ่งชัน,Taling Chan,1,กรุงเทพมหานคร,Bangkok,4,กรุงเทพฯและปริมณฑล,Circumference,10170,66,ไทย,Thailand,13.762441,100.415974
12077,ตลาดหลวง,Luang Market,14000,14,ตลาด,Market,6604012501,1,บางรัก,Bang Rak,25,บางรัก,Bang Rak,1,กรุงเทพมหานคร,Bangkok,4,กรุงเทพฯและปริมณฑล,Circumference,10500,66,ไทย,Thailand,13.720991,100.515479
12163,ตลาดเจริญนคร,Charoen Nakhon Market,14000,14,ตลาด,Market,6604010203,3,บางลำภูล่าง,Bang Lamphu Lang,2,คลองสาน,Khlong San,1,กรุงเทพมหานคร,Bangkok,4,กรุงเทพฯและปริมณฑล,Circumference,10600,66,ไทย,Thailand,13.709722,100.497092
12041,ตลาดสดชัยฉิมพลีพลาซ่า,Chaichimphli Plaza Market,14000,14,ตลาด,Market,6604013305,5,บางแวก,Bang Waek,33,ภาษีเจริญ,Phasi Charoen,1,กรุงเทพมหานคร,Bangkok,4,กรุงเทพฯและปริมณฑล,Circumference,10160,66,ไทย,Thailand,13.736735,100.433188
70898,ตลาดศรีดินแดง,Talat Si Dindaeng,14000,14,ตลาด,Market,6604013305,5,บางแวก,Bang Waek,33,ภาษีเจริญ,Phasi Charoen,1,กรุงเทพมหานคร,Bangkok,4,กรุงเทพฯและปริมณฑล,Circumference,10160,66,ไทย,Thailand,13.736798,100.432981
12042,ตลาดซอย52,Soi 52 Market,14000,14,ตลาด,Market,6604013306,6,บางหว้า,Bang Wa,33,ภาษีเจริญ,Phasi Charoen,1,กรุงเทพมหานคร,Bangkok,4,กรุงเทพฯและปริมณฑล,Circumference,10160,66,ไทย,Thailand,13.715043,100.437967
12055,ตลาดพรานนก,Phran Nok Market,14000,14,ตลาด,Market,6604011403,3,บ้านช่างหล่อ,Ban Chang Lo,14,บางกอกน้อย,Bangkok Noi,1,กรุงเทพมหานคร,Bangkok,4,กรุงเทพฯและปริมณฑล,Circumference,10700,66,ไทย,Thailand,13.755115,100.478463
70857,ตลาดธนะสิน,Talat Thana Sin,14000,14,ตลาด,Market,6604011403,3,บ้านช่างหล่อ,Ban Chang Lo,14,บางกอกน้อย,Bangkok Noi,1,กรุงเทพมหานคร,Bangkok,4,กรุงเทพฯและปริมณฑล,Circumference,10700,66,ไทย,Thailand,13.754978,100.478501
11969,ตลาดศรีวรจักร,Sriworachak Market,14000,14,ตลาด,Market,6604012902,2,บ้านบาตร,Ban Bat,29,ป้อมปราบศัตรูพ่าย,Pom Prap Sattru Phai,1,กรุงเทพมหานคร,Bangkok,4,กรุงเทพฯและปริมณฑล,Circumference,10100,66,ไทย,Thailand,13.74879,100.507123
12013,ตลาดนานา,Nana Market,14000,14,ตลาด,Market,6604013204,4,บ้านพานถม,Ban Phan Thom,32,พระนคร,Phra Nakhon,1,กรุงเทพมหานคร,Bangkok,4,กรุงเทพฯและปริมณฑล,Circumference,10200,66,ไทย,Thailand,13.76269,100.49917
12152,ตลาดสามเหร่ใหม่,Sam Rae New Market,14000,14,ตลาด,Market,6604011303,3,บุคคโล,Bukkhalo,13,ธนบุรี,Thon Buri,1,กรุงเทพมหานคร,Bangkok,4,กรุงเทพฯและปริมณฑล,Circumference,10600,66,ไทย,Thailand,13.712283,100.488189
12190,ตลาดสดพัฒนาการ,Phatthanakan Market,14000,14,ตลาด,Market,6604012801,1,ประเวศ,Prawet,28,ประเวศ,Prawet,1,กรุงเทพมหานคร,Bangkok,4,กรุงเทพฯและปริมณฑล,Circumference,10250,66,ไทย,Thailand,13.728903,100.654238
12191,ตลาดปีนังประเวศ,Penang Prawet Market,14000,14,ตลาด,Market,6604012801,1,ประเวศ,Prawet,28,ประเวศ,Prawet,1,กรุงเทพมหานคร,Bangkok,4,กรุงเทพฯและปริมณฑล,Circumference,10250,66,ไทย,Thailand,13.721703,100.697242
70861,ตลาดน้ำคลองลัดมะยม,Talatnam Khlong Lat Mayom,14000,14,ตลาด,Market,6604012801,1,ประเวศ,Prawet,28,ประเวศ,Prawet,1,กรุงเทพมหานคร,Bangkok,4,กรุงเทพฯและปริมณฑล,Circumference,10250,66,ไทย,Thailand,13.728989,100.654259
12165,ตลาดเจริญศรี,Charoensri Market,14000,14,ตลาด,Market,6604013307,7,ปากคลองภาษีเจริญ,Pak Khlong Phasi Charoen,33,ภาษีเจริญ,Phasi Charoen,1,กรุงเทพมหานคร,Bangkok,4,กรุงเทพฯและปริมณฑล,Circumference,10160,66,ไทย,Thailand,13.721106,100.46762
12099,ตลาดเมืองนีออน,Muang Ni-On Market,14000,14,ตลาด,Market,6604010103,3,พระโขนง,Phra Khanong,1,คลองเตย,Khlong Toei,1,กรุงเทพมหานคร,Bangkok,4,กรุงเทพฯและปริมณฑล,Circumference,10110,66,ไทย,Thailand,13.712706,100.594131
12100,ตลาดกล้วยน้ำไท,Kuai Nam Thai Market,14000,14,ตลาด,Market,6604010103,3,พระโขนง,Phra Khanong,1,คลองเตย,Khlong Toei,1,กรุงเทพมหานคร,Bangkok,4,กรุงเทพฯและปริมณฑล,Circumference,10110,66,ไทย,Thailand,13.712526,100.584362
12107,ตลาดแสงทิพย์,Saeng Thip Market,14000,14,ตลาด,Market,6604014103,3,พระโขนงเหนือ,Phra Khanong Nuea,41,วัฒนา,Vadhana,1,กรุงเทพมหานคร,Bangkok,4,กรุงเทพฯและปริมณฑล,Circumference,10110,66,ไทย,Thailand,13.712323,100.596773
42821,ตลาดอ่อนนุช,On Nut  Market,14000,14,ตลาด,Market,6604014103,3,พระโขนงเหนือ,Phra Khanong Nuea,41,วัฒนา,Vadhana,1,กรุงเทพมหานคร,Bangkok,4,กรุงเทพฯและปริมณฑล,Circumference,10110,66,ไทย,Thailand,13.710492,100.59992
70908,ตลาดสะพาน 2,Talat Saphan  2,14000,14,ตลาด,Market,6604014103,3,พระโขนงเหนือ,Phra Khanong Nuea,41,วัฒนา,Vadhana,1,กรุงเทพมหานคร,Bangkok,4,กรุงเทพฯและปริมณฑล,Circumference,10110,66,ไทย,Thailand,13.711994,100.596302
70911,ตลาดสิงหา,Talat Sing Ha,14000,14,ตลาด,Market,6604014103,3,พระโขนงเหนือ,Phra Khanong Nuea,41,วัฒนา,Vadhana,1,กรุงเทพมหานคร,Bangkok,4,กรุงเทพฯและปริมณฑล,Circumference,10110,66,ไทย,Thailand,13.709773,100.600249
11990,ตลาดเช่าพระ,Chaophra Market,14000,14,ตลาด,Market,6604013205,5,พระบรมมหาราชวัง,Phra Borom Maha Ratchawang,32,พระนคร,Phra Nakhon,1,กรุงเทพมหานคร,Bangkok,4,กรุงเทพฯและปริมณฑล,Circumference,10200,66,ไทย,Thailand,13.755754,100.488785
11992,ตลาดท่าเตียน,Thatian Market,14000,14,ตลาด,Market,6604013205,5,พระบรมมหาราชวัง,Phra Borom Maha Ratchawang,32,พระนคร,Phra Nakhon,1,กรุงเทพมหานคร,Bangkok,4,กรุงเทพฯและปริมณฑล,Circumference,10200,66,ไทย,Thailand,13.745923,100.491118
11965,ตลาดพระราม4,Rama 4 Market,14000,14,ตลาด,Market,6604012502,2,มหาพฤฒาราม,Maha Phruettharam,25,บางรัก,Bang Rak,1,กรุงเทพมหานคร,Bangkok,4,กรุงเทพฯและปริมณฑล,Circumference,10500,66,ไทย,Thailand,13.733621,100.524084
12017,ตลาดสะพานสว่าง,Saphan Sawang Market,14000,14,ตลาด,Market,6604012502,2,มหาพฤฒาราม,Maha Phruettharam,25,บางรัก,Bang Rak,1,กรุงเทพมหานคร,Bangkok,4,กรุงเทพฯและปริมณฑล,Circumference,10500,66,ไทย,Thailand,13.73428,100.51953
11974,ตลาดสดธรรมโรจน์พินิจประตูน้ำ,Thammarotphinit Pratunam Market,14000,14,ตลาด,Market,6604013604,4,มักกะสัน,Makkasan,36,ราชเทวี,Ratchathewi,1,กรุงเทพมหานคร,Bangkok,4,กรุงเทพฯและปริมณฑล,Circumference,10400,66,ไทย,Thailand,13.75125,100.543633
11975,ตลาดธรรมรจน์นิมิต,Trammarot Nimit Market,14000,14,ตลาด,Market,6604013604,4,มักกะสัน,Makkasan,36,ราชเทวี,Ratchathewi,1,กรุงเทพมหานคร,Bangkok,4,กรุงเทพฯและปริมณฑล,Circumference,10400,66,ไทย,Thailand,13.751386,100.542834
12027,ตลาดเคหะบางชัน,Bangchan Housing Market,14000,14,ตลาด,Market,6604013401,1,มีนบุรี,Min Buri,34,มีนบุรี,Min Buri,1,กรุงเทพมหานคร,Bangkok,4,กรุงเทพฯและปริมณฑล,Circumference,10510,66,ไทย,Thailand,13.816801,100.699958
42805,ตลาดนัดมาร์คแลนด์,Mark Land Weekly Market,14000,14,ตลาด,Market,6604013401,1,มีนบุรี,Min Buri,34,มีนบุรี,Min Buri,1,กรุงเทพมหานคร,Bangkok,4,กรุงเทพฯและปริมณฑล,Circumference,10510,66,ไทย,Thailand,13.817327,100.727424
42806,ตลาดสดมีนบุรี,Minburi Market,14000,14,ตลาด,Market,6604013401,1,มีนบุรี,Min Buri,34,มีนบุรี,Min Buri,1,กรุงเทพมหานคร,Bangkok,4,กรุงเทพฯและปริมณฑล,Circumference,10510,66,ไทย,Thailand,13.813725,100.72887
70931,ตลาดโอ๋เอ๋,Talat O Ae,14000,14,ตลาด,Market,6604013401,1,มีนบุรี,Min Buri,34,มีนบุรี,Min Buri,1,กรุงเทพมหานคร,Bangkok,4,กรุงเทพฯและปริมณฑล,Circumference,10510,66,ไทย,Thailand,13.800403,100.733092
11978,ตลาดโบ๊เบ๊เก่าสะพาน3,Bobe Market,14000,14,ตลาด,Market,6604012702,2,รองเมือง,Rong Mueang,27,ปทุมวัน,Pathum Wan,1,กรุงเทพมหานคร,Bangkok,4,กรุงเทพฯและปริมณฑล,Circumference,10330,66,ไทย,Thailand,13.751834,100.517689
11979,ตลาดจารุเมือง,Charu Muang Market,14000,14,ตลาด,Market,6604012702,2,รองเมือง,Rong Mueang,27,ปทุมวัน,Pathum Wan,1,กรุงเทพมหานคร,Bangkok,4,กรุงเทพฯและปริมณฑล,Circumference,10330,66,ไทย,Thailand,13.740893,100.519355
70903,ตลาดศูนย์การค้าบางแค,Talat Sunkankha Bang Khae,14000,14,ตลาด,Market,6604012702,2,รองเมือง,Rong Mueang,27,ปทุมวัน,Pathum Wan,1,กรุงเทพมหานคร,Bangkok,4,กรุงเทพฯและปริมณฑล,Circumference,10330,66,ไทย,Thailand,13.749004,100.51819
12138,ตลาดปอพลาซ่า,Por Plaza Market,14000,14,ตลาด,Market,6604010402,2,รามอินทรา,Ram Inthra,4,คันนายาว,Khan Na Yao,1,กรุงเทพมหานคร,Bangkok,4,กรุงเทพฯและปริมณฑล,Circumference,10230,66,ไทย,Thailand,13.839793,100.662456
12139,ตลาดสดสายเนตร,Sainet Shopping Center,14000,14,ตลาด,Market,6604010402,2,รามอินทรา,Ram Inthra,4,คันนายาว,Khan Na Yao,1,กรุงเทพมหานคร,Bangkok,4,กรุงเทพฯและปริมณฑล,Circumference,10230,66,ไทย,Thailand,13.839282,100.662682
12140,ตลาดสายเนตร,Sai Net Market,14000,14,ตลาด,Market,6604010402,2,รามอินทรา,Ram Inthra,4,คันนายาว,Khan Na Yao,1,กรุงเทพมหานคร,Bangkok,4,กรุงเทพฯและปริมณฑล,Circumference,10230,66,ไทย,Thailand,13.838923,100.662564
12141,ตลาดจรเข้บัว,Charakhe Bua Market,14000,14,ตลาด,Market,6604010402,2,รามอินทรา,Ram Inthra,4,คันนายาว,Khan Na Yao,1,กรุงเทพมหานคร,Bangkok,4,กรุงเทพฯและปริมณฑล,Circumference,10230,66,ไทย,Thailand,13.84076,100.659106
12029,ตลาดราษฎร์บูรณะ,Ratburana Market,14000,14,ตลาด,Market,6604013702,2,ราษฎร์บูรณะ,Rat Burana,37,ราษฎร์บูรณะ,Rat Burana,1,กรุงเทพมหานคร,Bangkok,4,กรุงเทพฯและปริมณฑล,Circumference,10140,66,ไทย,Thailand,13.666627,100.503435
12030,ตลาดราชบูรณะ,Ratchaburana  Market,14000,14,ตลาด,Market,6604013702,2,ราษฎร์บูรณะ,Rat Burana,37,ราษฎร์บูรณะ,Rat Burana,1,กรุงเทพมหานคร,Bangkok,4,กรุงเทพฯและปริมณฑล,Circumference,10140,66,ไทย,Thailand,13.667243,100.503593
12186,ตลาดสุขาภิบาล,Sukhapiban Market,14000,14,ตลาด,Market,6604013702,2,ราษฎร์บูรณะ,Rat Burana,37,ราษฎร์บูรณะ,Rat Burana,1,กรุงเทพมหานคร,Bangkok,4,กรุงเทพฯและปริมณฑล,Circumference,10140,66,ไทย,Thailand,13.681324,100.505458
12102,ตลาดฉัตรสาครวังหิน,Chatsakhon Wanghin Market,14000,14,ตลาด,Market,6604013902,2,ลาดพร้าว,Lat Phrao,39,ลาดพร้าว,Lat Phrao,1,กรุงเทพมหานคร,Bangkok,4,กรุงเทพฯและปริมณฑล,Circumference,10230,66,ไทย,Thailand,13.83179,100.590863
12103,ตลาดวังหินยิ่งเจริญ,Wanghin Yingcharoen Market,14000,14,ตลาด,Market,6604013902,2,ลาดพร้าว,Lat Phrao,39,ลาดพร้าว,Lat Phrao,1,กรุงเทพมหานคร,Bangkok,4,กรุงเทพฯและปริมณฑล,Circumference,10230,66,ไทย,Thailand,13.831498,100.591144
12104,ตลาดสดพรยิ่งเจริญ,Porn Ying Charoen Market,14000,14,ตลาด,Market,6604013902,2,ลาดพร้าว,Lat Phrao,39,ลาดพร้าว,Lat Phrao,1,กรุงเทพมหานคร,Bangkok,4,กรุงเทพฯและปริมณฑล,Circumference,10230,66,ไทย,Thailand,13.843119,100.635528
12189,ตลาดสดส.ค.ส. 18,Sor.Kor.Sor. 18 Food Market,14000,14,ตลาด,Market,6604013902,2,ลาดพร้าว,Lat Phrao,39,ลาดพร้าว,Lat Phrao,1,กรุงเทพมหานคร,Bangkok,4,กรุงเทพฯและปริมณฑล,Circumference,10230,66,ไทย,Thailand,13.827999,100.62558
70842,ตลาดขวัญพัฒนา,Talat Khwan Phatthana,14000,14,ตลาด,Market,6604013902,2,ลาดพร้าว,Lat Phrao,39,ลาดพร้าว,Lat Phrao,1,กรุงเทพมหานคร,Bangkok,4,กรุงเทพฯและปริมณฑล,Circumference,10230,66,ไทย,Thailand,13.811548,100.61903
70917,ตลาดแสงทิพย์ 2,Talat Saeng Thip 2,14000,14,ตลาด,Market,6604013902,2,ลาดพร้าว,Lat Phrao,39,ลาดพร้าว,Lat Phrao,1,กรุงเทพมหานคร,Bangkok,4,กรุงเทพฯและปริมณฑล,Circumference,10230,66,ไทย,Thailand,13.831804,100.591475
12091,ตลาดบางบัว,Bangbua Market,14000,14,ตลาด,Market,6604010501,1,ลาดยาว,Lat Yao,5,จตุจักร,Chatuchak,1,กรุงเทพมหานคร,Bangkok,4,กรุงเทพฯและปริมณฑล,Circumference,10900,66,ไทย,Thailand,13.857955,100.58563
12092,ตลาดอมรพันธ์,Amonphan Market,14000,14,ตลาด,Market,6604010501,1,ลาดยาว,Lat Yao,5,จตุจักร,Chatuchak,1,กรุงเทพมหานคร,Bangkok,4,กรุงเทพฯและปริมณฑล,Circumference,10900,66,ไทย,Thailand,13.839573,100.574125
12145,ตลาดประชานิเวศน์1,Prachaniwet 1 Market,14000,14,ตลาด,Market,6604010501,1,ลาดยาว,Lat Yao,5,จตุจักร,Chatuchak,1,กรุงเทพมหานคร,Bangkok,4,กรุงเทพฯและปริมณฑล,Circumference,10900,66,ไทย,Thailand,13.840388,100.545024
12019,ตลาดประมูลสุกรหนองจอก,Pramun Sukon Nong Chok Market,14000,14,ตลาด,Market,6604014807,7,ลำผักชี,Lam Phak Chi,48,หนองจอก,Nong Chok,1,กรุงเทพมหานคร,Bangkok,4,กรุงเทพฯและปริมณฑล,Circumference,10530,66,ไทย,Thailand,13.806035,100.830661
41096,สวนลุมไนท์บาร์ซ่า,Suan Lum Night Bazaar,14000,14,ตลาด,Market,6604012703,3,ลุมพินี,Lumphini,27,ปทุมวัน,Pathum Wan,1,กรุงเทพมหานคร,Bangkok,4,กรุงเทพฯและปริมณฑล,Circumference,10330,66,ไทย,Thailand,13.72732,100.545725
42801,ตลาดบ่อนไก่,Bon Kai Market,14000,14,ตลาด,Market,6604012703,3,ลุมพินี,Lumphini,27,ปทุมวัน,Pathum Wan,1,กรุงเทพมหานคร,Bangkok,4,กรุงเทพฯและปริมณฑล,Circumference,10330,66,ไทย,Thailand,13.724229,100.550472
42803,ตลาดบาซ่าร์ราชดำริ,Ratchadamri Bazaar Market,14000,14,ตลาด,Market,6604012703,3,ลุมพินี,Lumphini,27,ปทุมวัน,Pathum Wan,1,กรุงเทพมหานคร,Bangkok,4,กรุงเทพฯและปริมณฑล,Circumference,10330,66,ไทย,Thailand,13.74784,100.5416
12083,ตลาดเทวราช,Thewarat Market,14000,14,ตลาด,Market,6604010903,3,วชิรพยาบาล,Wa Chira Phayaban,9,ดุสิต,Dusit,1,กรุงเทพมหานคร,Bangkok,4,กรุงเทพฯและปริมณฑล,Circumference,10300,66,ไทย,Thailand,13.771244,100.502602
12108,ตลาดตะวันรุ่ง,Tawan Rung Market,14000,14,ตลาด,Market,6604014001,1,วังทองหลาง,Wang Thonglang,40,วังทองหลาง,Wang Thonglang,1,กรุงเทพมหานคร,Bangkok,4,กรุงเทพฯและปริมณฑล,Circumference,10310,66,ไทย,Thailand,13.791094,100.596124
11993,ตลาดบ้านหม้อ,Banmo Market,14000,14,ตลาด,Market,6604013206,6,วังบูรพาภิรมย์,Wang Burapha Phirom,32,พระนคร,Phra Nakhon,1,กรุงเทพมหานคร,Bangkok,4,กรุงเทพฯและปริมณฑล,Circumference,10200,66,ไทย,Thailand,13.745785,100.497794
11994,ตลาดพาหุรัด,Phahurat Market,14000,14,ตลาด,Market,6604013206,6,วังบูรพาภิรมย์,Wang Burapha Phirom,32,พระนคร,Phra Nakhon,1,กรุงเทพมหานคร,Bangkok,4,กรุงเทพฯและปริมณฑล,Circumference,10200,66,ไทย,Thailand,13.744291,100.500189
11995,ตลาดส่งเสริมเกษตรไทย,Agriculture Extension Market,14000,14,ตลาด,Market,6604013206,6,วังบูรพาภิรมย์,Wang Burapha Phirom,32,พระนคร,Phra Nakhon,1,กรุงเทพมหานคร,Bangkok,4,กรุงเทพฯและปริมณฑล,Circumference,10200,66,ไทย,Thailand,13.74315,100.496598
11996,ตลาดยอดพิมาน,Yot Phiman Market,14000,14,ตลาด,Market,6604013206,6,วังบูรพาภิรมย์,Wang Burapha Phirom,32,พระนคร,Phra Nakhon,1,กรุงเทพมหานคร,Bangkok,4,กรุงเทพฯและปริมณฑล,Circumference,10200,66,ไทย,Thailand,13.741446,100.496355
11997,ตลาดปากคลอง,Pak Klong Market,14000,14,ตลาด,Market,6604013206,6,วังบูรพาภิรมย์,Wang Burapha Phirom,32,พระนคร,Phra Nakhon,1,กรุงเทพมหานคร,Bangkok,4,กรุงเทพฯและปริมณฑล,Circumference,10200,66,ไทย,Thailand,13.741664,100.495138
70896,ตลาดวัดสุวรรณาราม,Talat Wat Su Wan Na Ram,14000,14,ตลาด,Market,6604013206,6,วังบูรพาภิรมย์,Wang Burapha Phirom,32,พระนคร,Phra Nakhon,1,กรุงเทพมหานคร,Bangkok,4,กรุงเทพฯและปริมณฑล,Circumference,10200,66,ไทย,Thailand,13.741677,100.496377
70897,ตลาดศรีเขมา,Talat Si Khamao,14000,14,ตลาด,Market,6604013206,6,วังบูรพาภิรมย์,Wang Burapha Phirom,32,พระนคร,Phra Nakhon,1,กรุงเทพมหานคร,Bangkok,4,กรุงเทพฯและปริมณฑล,Circumference,10200,66,ไทย,Thailand,13.742289,100.495549
70925,ตลาดอรุณอัมรินทร์,Talat Arun Am Rin,14000,14,ตลาด,Market,6604013206,6,วังบูรพาภิรมย์,Wang Burapha Phirom,32,พระนคร,Phra Nakhon,1,กรุงเทพมหานคร,Bangkok,4,กรุงเทพฯและปริมณฑล,Circumference,10200,66,ไทย,Thailand,13.740343,100.49955
11980,ตลาดสามย่าน,Samyan Market,14000,14,ตลาด,Market,6604012704,4,วังใหม่,Wang Mai,27,ปทุมวัน,Pathum Wan,1,กรุงเทพมหานคร,Bangkok,4,กรุงเทพฯและปริมณฑล,Circumference,10330,66,ไทย,Thailand,13.734146,100.528012
12015,ตลาดสวนหลวง,Suangluang Market,14000,14,ตลาด,Market,6604012704,4,วังใหม่,Wang Mai,27,ปทุมวัน,Pathum Wan,1,กรุงเทพมหานคร,Bangkok,4,กรุงเทพฯและปริมณฑล,Circumference,10330,66,ไทย,Thailand,13.74093,100.52419
42799,ตลาดเจริญผล(ตลาดสด),Charoenphon Market,14000,14,ตลาด,Market,6604012704,4,วังใหม่,Wang Mai,27,ปทุมวัน,Pathum Wan,1,กรุงเทพมหานคร,Bangkok,4,กรุงเทพฯและปริมณฑล,Circumference,10330,66,ไทย,Thailand,13.748364,100.524754
70860,ตลาดน้ำขวัญเรียม,Talatnam Khwan Riam,14000,14,ตลาด,Market,6604012704,4,วังใหม่,Wang Mai,27,ปทุมวัน,Pathum Wan,1,กรุงเทพมหานคร,Bangkok,4,กรุงเทพฯและปริมณฑล,Circumference,10330,66,ไทย,Thailand,13.734159,100.528106
12185,ตลาดเจริญเทศน์,Charoenthet Market,14000,14,ตลาด,Market,6604011502,2,วัดท่าพระ,Wat Tha Phra,15,บางกอกใหญ่,Bangkok Yai,1,กรุงเทพมหานคร,Bangkok,4,กรุงเทพฯและปริมณฑล,Circumference,10600,66,ไทย,Thailand,13.7363,100.486524
12166,ตลาดวัดดีดวด,Wat Diduat Market,14000,14,ตลาด,Market,6604011502,2,วัดท่าพระ,Wat Tha Phra,15,บางกอกใหญ่,Bangkok Yai,1,กรุงเทพมหานคร,Bangkok,4,กรุงเทพฯและปริมณฑล,Circumference,10600,66,ไทย,Thailand,13.740722,100.471256
12167,ตลาดศักดิ์เจริญ,Sakcharoen Market,14000,14,ตลาด,Market,6604011502,2,วัดท่าพระ,Wat Tha Phra,15,บางกอกใหญ่,Bangkok Yai,1,กรุงเทพมหานคร,Bangkok,4,กรุงเทพฯและปริมณฑล,Circumference,10600,66,ไทย,Thailand,13.733468,100.469149
12168,ตลาดท่าพระ,Thaphra Market,14000,14,ตลาด,Market,6604011502,2,วัดท่าพระ,Wat Tha Phra,15,บางกอกใหญ่,Bangkok Yai,1,กรุงเทพมหานคร,Bangkok,4,กรุงเทพฯและปริมณฑล,Circumference,10600,66,ไทย,Thailand,13.728621,100.473406
12169,ตลาดท่าพระรุ่งเรือง,Thaphra Rung Ruang Market,14000,14,ตลาด,Market,6604011502,2,วัดท่าพระ,Wat Tha Phra,15,บางกอกใหญ่,Bangkok Yai,1,กรุงเทพมหานคร,Bangkok,4,กรุงเทพฯและปริมณฑล,Circumference,10600,66,ไทย,Thailand,13.729258,100.476247
12170,ตลาดโพธิ์สามต้น,Pho Sam Ton Market,14000,14,ตลาด,Market,6604011502,2,วัดท่าพระ,Wat Tha Phra,15,บางกอกใหญ่,Bangkok Yai,1,กรุงเทพมหานคร,Bangkok,4,กรุงเทพฯและปริมณฑล,Circumference,10600,66,ไทย,Thailand,13.740703,100.483423
70874,ตลาดโพธิ์สุวรรณ,Talat Pho Suwan,14000,14,ตลาด,Market,6604011502,2,วัดท่าพระ,Wat Tha Phra,15,บางกอกใหญ่,Bangkok Yai,1,กรุงเทพมหานคร,Bangkok,4,กรุงเทพฯและปริมณฑล,Circumference,10600,66,ไทย,Thailand,13.740469,100.483264
70875,ตลาดมงคลไชย,Talat Mongkhon Chai,14000,14,ตลาด,Market,6604011502,2,วัดท่าพระ,Wat Tha Phra,15,บางกอกใหญ่,Bangkok Yai,1,กรุงเทพมหานคร,Bangkok,4,กรุงเทพฯและปริมณฑล,Circumference,10600,66,ไทย,Thailand,13.733363,100.469199
70876,ตลาดมณีพิมาน (สามแยกเตาปูน),Talat Mani Phiman (Sam Yaek Tao Pun),14000,14,ตลาด,Market,6604011502,2,วัดท่าพระ,Wat Tha Phra,15,บางกอกใหญ่,Bangkok Yai,1,กรุงเทพมหานคร,Bangkok,4,กรุงเทพฯและปริมณฑล,Circumference,10600,66,ไทย,Thailand,13.728669,100.473455
11967,ตลาดนางเลิ้ง,Nang Loeng Market,14000,14,ตลาด,Market,6604012905,5,วัดโสมนัส,Wat Sommanat,29,ป้อมปราบศัตรูพ่าย,Pom Prap Sattru Phai,1,กรุงเทพมหานคร,Bangkok,4,กรุงเทพฯและปริมณฑล,Circumference,10100,66,ไทย,Thailand,13.759057,100.512142
70862,ตลาดน้ำตลิ่งชัน,Talatnam Taling Chan,14000,14,ตลาด,Market,6604012905,5,วัดโสมนัส,Wat Sommanat,29,ป้อมปราบศัตรูพ่าย,Pom Prap Sattru Phai,1,กรุงเทพมหานคร,Bangkok,4,กรุงเทพฯและปริมณฑล,Circumference,10100,66,ไทย,Thailand,13.759107,100.512184
12035,อาคารตลาดนัดเซรามิกสี่มุมเมืองปิ่นเกล้า - นครชัยศรี,Ceramic Market Place Simummuang Pinklao - Nakornchaisri Building,14000,14,ตลาด,Market,6604011102,2,ศาลาธรรมสพน์,Sala Thammasop,11,ทวีวัฒนา,Thawi Watthana,1,กรุงเทพมหานคร,Bangkok,4,กรุงเทพฯและปริมณฑล,Circumference,10170,66,ไทย,Thailand,13.786249,100.371674
12069,ตลาดพุทธมณฑล,Phutthamonthon Market,14000,14,ตลาด,Market,6604011102,2,ศาลาธรรมสพน์,Sala Thammasop,11,ทวีวัฒนา,Thawi Watthana,1,กรุงเทพมหานคร,Bangkok,4,กรุงเทพฯและปริมณฑล,Circumference,10170,66,ไทย,Thailand,13.78746,100.334171
12072,ตลาดสดพงษ์สุข,Phongsuk Food Market,14000,14,ตลาด,Market,6604011102,2,ศาลาธรรมสพน์,Sala Thammasop,11,ทวีวัฒนา,Thawi Watthana,1,กรุงเทพมหานคร,Bangkok,4,กรุงเทพฯและปริมณฑล,Circumference,10170,66,ไทย,Thailand,13.788569,100.332765
12073,ตลาดสดพุทธมณฑล,Phutthamonthon Food Market,14000,14,ตลาด,Market,6604011102,2,ศาลาธรรมสพน์,Sala Thammasop,11,ทวีวัฒนา,Thawi Watthana,1,กรุงเทพมหานคร,Bangkok,4,กรุงเทพฯและปริมณฑล,Circumference,10170,66,ไทย,Thailand,13.787333,100.334258
70922,ตลาดใหม่สำเหร่,Talat Mai Samre,14000,14,ตลาด,Market,6604011102,2,ศาลาธรรมสพน์,Sala Thammasop,11,ทวีวัฒนา,Thawi Watthana,1,กรุงเทพมหานคร,Bangkok,4,กรุงเทพฯและปริมณฑล,Circumference,10170,66,ไทย,Thailand,13.787554,100.334246
12054,ตลาดบางกอกน้อย,Bangkok Noi Market,14000,14,ตลาด,Market,6604011404,4,ศิริราช,Siri Rat,14,บางกอกน้อย,Bangkok Noi,1,กรุงเทพมหานคร,Bangkok,4,กรุงเทพฯและปริมณฑล,Circumference,10700,66,ไทย,Thailand,13.756136,100.478235
12057,ตลาดรถไฟ,Rod Fai Market,14000,14,ตลาด,Market,6604011404,4,ศิริราช,Siri Rat,14,บางกอกน้อย,Bangkok Noi,1,กรุงเทพมหานคร,Bangkok,4,กรุงเทพฯและปริมณฑล,Circumference,10700,66,ไทย,Thailand,13.759654,100.478498
12074,ตลาดอรุณอมรินทร์,Arun Umarin Market,14000,14,ตลาด,Market,6604011404,4,ศิริราช,Siri Rat,14,บางกอกน้อย,Bangkok Noi,1,กรุงเทพมหานคร,Bangkok,4,กรุงเทพฯและปริมณฑล,Circumference,10700,66,ไทย,Thailand,13.759906,100.482652
70856,ตลาดธนบุรี (สนามหลวง 2),Talat Thon Buri  ( Sanamluang  2),14000,14,ตลาด,Market,6604011404,4,ศิริราช,Siri Rat,14,บางกอกน้อย,Bangkok Noi,1,กรุงเทพมหานคร,Bangkok,4,กรุงเทพฯและปริมณฑล,Circumference,10700,66,ไทย,Thailand,13.75615,100.478348
70873,ตลาดเพชรบุรี,Talat Phetchaburi,14000,14,ตลาด,Market,6604011404,4,ศิริราช,Siri Rat,14,บางกอกน้อย,Bangkok Noi,1,กรุงเทพมหานคร,Bangkok,4,กรุงเทพฯและปริมณฑล,Circumference,10700,66,ไทย,Thailand,13.762468,100.478408
12086,ตลาดสดเสริมเพิ่มพูนดอนเมือง,Soemphoemphun Donmueang Market,14000,14,ตลาด,Market,6604010702,2,สนามบิน,Sanam Bin,7,ดอนเมือง,Don Mueang,1,กรุงเทพมหานคร,Bangkok,4,กรุงเทพฯและปริมณฑล,Circumference,10210,66,ไทย,Thailand,13.939162,100.611475
70852,ตลาดเสริมเพิ่มพูน,Talat Soem Phoemphun,14000,14,ตลาด,Market,6604010702,2,สนามบิน,Sanam Bin,7,ดอนเมือง,Don Mueang,1,กรุงเทพมหานคร,Bangkok,4,กรุงเทพฯและปริมณฑล,Circumference,10210,66,ไทย,Thailand,13.939204,100.611508
11963,ตลาดคลองถม,Khlong Thom Market,14000,14,ตลาด,Market,6604010204,4,สมเด็จเจ้าพระยา,Somdet Chao Phraya,2,คลองสาน,Khlong San,1,กรุงเทพมหานคร,Bangkok,4,กรุงเทพฯและปริมณฑล,Circumference,10600,66,ไทย,Thailand,13.735501,100.496773
11964,ตลาดท่าดินแดง,Thadindaeng Market,14000,14,ตลาด,Market,6604010204,4,สมเด็จเจ้าพระยา,Somdet Chao Phraya,2,คลองสาน,Khlong San,1,กรุงเทพมหานคร,Bangkok,4,กรุงเทพฯและปริมณฑล,Circumference,10600,66,ไทย,Thailand,13.733767,100.5023
12016,ตลาดสมเด็จเจ้าพระยา,Somdet Chaoohraya Market,14000,14,ตลาด,Market,6604010204,4,สมเด็จเจ้าพระยา,Somdet Chao Phraya,2,คลองสาน,Khlong San,1,กรุงเทพมหานคร,Bangkok,4,กรุงเทพฯและปริมณฑล,Circumference,10600,66,ไทย,Thailand,13.73718,100.49888
70847,ตลาดฉัตรสาคร,Talat Chat Sakhon,14000,14,ตลาด,Market,6604010204,4,สมเด็จเจ้าพระยา,Somdet Chao Phraya,2,คลองสาน,Khlong San,1,กรุงเทพมหานคร,Bangkok,4,กรุงเทพฯและปริมณฑล,Circumference,10600,66,ไทย,Thailand,13.733737,100.502404
12131,ตลาดสดคลองตัน,Khlongtan Market,14000,14,ตลาด,Market,6604014201,1,สวนหลวง,Suan Luang,42,สวนหลวง,Suan Luang,1,กรุงเทพมหานคร,Bangkok,4,กรุงเทพฯและปริมณฑล,Circumference,10250,66,ไทย,Thailand,13.740978,100.599158
12132,ตลาดสดเอี่ยมสมบัติ,Iam Sombat Market,14000,14,ตลาด,Market,6604014201,1,สวนหลวง,Suan Luang,42,สวนหลวง,Suan Luang,1,กรุงเทพมหานคร,Bangkok,4,กรุงเทพฯและปริมณฑล,Circumference,10250,66,ไทย,Thailand,13.713695,100.642824
12133,ตลาดคลองตัน,Khlong -Ton Market,14000,14,ตลาด,Market,6604014201,1,สวนหลวง,Suan Luang,42,สวนหลวง,Suan Luang,1,กรุงเทพมหานคร,Bangkok,4,กรุงเทพฯและปริมณฑล,Circumference,10250,66,ไทย,Thailand,13.741118,100.598516
70916,ตลาดแสงทิพย์ 1,Talat Saeng Thip 1,14000,14,ตลาด,Market,6604014201,1,สวนหลวง,Suan Luang,42,สวนหลวง,Suan Luang,1,กรุงเทพมหานคร,Bangkok,4,กรุงเทพฯและปริมณฑล,Circumference,10250,66,ไทย,Thailand,13.740982,100.599229
12109,ตลาดสะพาน2,Saphan 2  Market,14000,14,ตลาด,Market,6604014004,4,สะพานสอง,Saphan Song,40,วังทองหลาง,Wang Thonglang,1,กรุงเทพมหานคร,Bangkok,4,กรุงเทพฯและปริมณฑล,Circumference,10310,66,ไทย,Thailand,13.797259,100.58993
12188,ตลาดโชคชัย4,Chokchai 4 Market,14000,14,ตลาด,Market,6604014004,4,สะพานสอง,Saphan Song,40,วังทองหลาง,Wang Thonglang,1,กรุงเทพมหานคร,Bangkok,4,กรุงเทพฯและปริมณฑล,Circumference,10310,66,ไทย,Thailand,13.795067,100.596206
70907,ตลาดสรงประภา,Talat Song Prapha,14000,14,ตลาด,Market,6604014004,4,สะพานสอง,Saphan Song,40,วังทองหลาง,Wang Thonglang,1,กรุงเทพมหานคร,Bangkok,4,กรุงเทพฯและปริมณฑล,Circumference,10310,66,ไทย,Thailand,13.797055,100.59044
70865,ตลาดบางกะปิ 3,Talat Bang Kapi 3,14000,14,ตลาด,Market,6604014004,4,สะพานสอง,Saphan Song,40,วังทองหลาง,Wang Thonglang,1,กรุงเทพมหานคร,Bangkok,4,กรุงเทพฯและปริมณฑล,Circumference,10310,66,ไทย,Thailand,13.795037,100.596086
12022,ตลาดอาหารพัฒนา,Ahan Pattana Market,14000,14,ตลาด,Market,6604014301,1,สะพานสูง,Saphan Sung,43,สะพานสูง,Saphan Sung,1,กรุงเทพมหานคร,Bangkok,4,กรุงเทพฯและปริมณฑล,Circumference,10240,66,ไทย,Thailand,13.777801,100.673827
11982,ตลาดปีระกา,Piraka Market,14000,14,ตลาด,Market,6604014403,3,สัมพันธวงศ์,Samphanthawong,44,สัมพันธวงศ์,Samphanthawong,1,กรุงเทพมหานคร,Bangkok,4,กรุงเทพฯและปริมณฑล,Circumference,10100,66,ไทย,Thailand,13.744999,100.503912
11987,ตลาดมิตรเยาวราชใหม่,Mitr Yaowarat Mai Market,14000,14,ตลาด,Market,6604014403,3,สัมพันธวงศ์,Samphanthawong,44,สัมพันธวงศ์,Samphanthawong,1,กรุงเทพมหานคร,Bangkok,4,กรุงเทพฯและปริมณฑล,Circumference,10100,66,ไทย,Thailand,13.741641,100.509351
70920,ตลาดใหม่จอมทอง,Talat Mai Chomthong,14000,14,ตลาด,Market,6604014403,3,สัมพันธวงศ์,Samphanthawong,44,สัมพันธวงศ์,Samphanthawong,1,กรุงเทพมหานคร,Bangkok,4,กรุงเทพฯและปริมณฑล,Circumference,10100,66,ไทย,Thailand,13.745004,100.503888
12124,ตลาดลาดพร้าว,Latphrao Market,14000,14,ตลาด,Market,6604015002,2,สามเสนนอก,Samsen Nok,50,ห้วยขวาง,Huai Khwang,1,กรุงเทพมหานคร,Bangkok,4,กรุงเทพฯและปริมณฑล,Circumference,10310,66,ไทย,Thailand,13.800535,100.584334
12125,ตลาดภาวนา,Pawana Market,14000,14,ตลาด,Market,6604015002,2,สามเสนนอก,Samsen Nok,50,ห้วยขวาง,Huai Khwang,1,กรุงเทพมหานคร,Bangkok,4,กรุงเทพฯและปริมณฑล,Circumference,10310,66,ไทย,Thailand,13.800501,100.583924
11977,ตลาดสนามเป้า,Sanampao Market,14000,14,ตลาด,Market,6604013001,1,สามเสนใน,Samsen Nai,30,พญาไท,Phaya Thai,1,กรุงเทพมหานคร,Bangkok,4,กรุงเทพฯและปริมณฑล,Circumference,10400,66,ไทย,Thailand,13.768164,100.53975
12126,ตลาด,Market,14000,14,ตลาด,Market,6604013001,1,สามเสนใน,Samsen Nai,30,พญาไท,Phaya Thai,1,กรุงเทพมหานคร,Bangkok,4,กรุงเทพฯและปริมณฑล,Circumference,10400,66,ไทย,Thailand,13.790119,100.549949
12127,ตลาดอารี,Ari Market,14000,14,ตลาด,Market,6604013001,1,สามเสนใน,Samsen Nai,30,พญาไท,Phaya Thai,1,กรุงเทพมหานคร,Bangkok,4,กรุงเทพฯและปริมณฑล,Circumference,10400,66,ไทย,Thailand,13.781172,100.544292
12128,ตลาดมิ่งขวัญบ้านนา,Ming Khwan Baan Na Market,14000,14,ตลาด,Market,6604013001,1,สามเสนใน,Samsen Nai,30,พญาไท,Phaya Thai,1,กรุงเทพมหานคร,Bangkok,4,กรุงเทพฯและปริมณฑล,Circumference,10400,66,ไทย,Thailand,13.78848,100.55824
12129,ตลาดศรีไทย,Sri Thai Market,14000,14,ตลาด,Market,6604013001,1,สามเสนใน,Samsen Nai,30,พญาไท,Phaya Thai,1,กรุงเทพมหานคร,Bangkok,4,กรุงเทพฯและปริมณฑล,Circumference,10400,66,ไทย,Thailand,13.790761,100.549316
70919,ตลาดหมอเพชรหมอพลอย,Talat Mo Phet Mo Phloi,14000,14,ตลาด,Market,6604013001,1,สามเสนใน,Samsen Nai,30,พญาไท,Phaya Thai,1,กรุงเทพมหานคร,Bangkok,4,กรุงเทพฯและปริมณฑล,Circumference,10400,66,ไทย,Thailand,13.788962,100.558562
70863,ตลาดน้ำวัดสะพาน,Talatnam Wat Saphan,14000,14,ตลาด,Market,6604013001,1,สามเสนใน,Samsen Nai,30,พญาไท,Phaya Thai,1,กรุงเทพมหานคร,Bangkok,4,กรุงเทพฯและปริมณฑล,Circumference,10400,66,ไทย,Thailand,13.768248,100.539765
12023,ตลาดวงศกรพลาซ่า,Wongsakorn Market Plaza,14000,14,ตลาด,Market,6604014602,2,สายไหม,Sai Mai,46,สายไหม,Sai Mai,1,กรุงเทพมหานคร,Bangkok,4,กรุงเทพฯและปริมณฑล,Circumference,10220,66,ไทย,Thailand,13.920602,100.684075
42804,ตลาดแยกลำลูกกา,Yaek Lam Luk Ka Market,14000,14,ตลาด,Market,6604014602,2,สายไหม,Sai Mai,46,สายไหม,Sai Mai,1,กรุงเทพมหานคร,Bangkok,4,กรุงเทพฯและปริมณฑล,Circumference,10220,66,ไทย,Thailand,13.949844,100.622856
70910,ตลาดสำเหร่เก่า,Talat Samre Kao,14000,14,ตลาด,Market,6604014602,2,สายไหม,Sai Mai,46,สายไหม,Sai Mai,1,กรุงเทพมหานคร,Bangkok,4,กรุงเทพฯและปริมณฑล,Circumference,10220,66,ไทย,Thailand,13.920581,100.684171
70927,ตลาดอุดมผล,Talat Udom Phon,14000,14,ตลาด,Market,6604014602,2,สายไหม,Sai Mai,46,สายไหม,Sai Mai,1,กรุงเทพมหานคร,Bangkok,4,กรุงเทพฯและปริมณฑล,Circumference,10220,66,ไทย,Thailand,13.92182,100.642413
11991,ตลาดประตูผี,Pratuphi Market,14000,14,ตลาด,Market,6604013211,11,สำราญราษฎร์,Samran Rat,32,พระนคร,Phra Nakhon,1,กรุงเทพมหานคร,Bangkok,4,กรุงเทพฯและปริมณฑล,Circumference,10200,66,ไทย,Thailand,13.752592,100.504039
12147,ตลาดสำเหร่,Samre Market,14000,14,ตลาด,Market,6604011307,7,สำเหร่,Samre,13,ธนบุรี,Thon Buri,1,กรุงเทพมหานคร,Bangkok,4,กรุงเทพฯและปริมณฑล,Circumference,10600,66,ไทย,Thailand,13.712102,100.488588
70902,ตลาดศูนย์การค้านครเพชรเกษม,Talat Sunkankha Nakhon Phet Kasem,14000,14,ตลาด,Market,6604011307,7,สำเหร่,Samre,13,ธนบุรี,Thon Buri,1,กรุงเทพมหานคร,Bangkok,4,กรุงเทพฯและปริมณฑล,Circumference,10600,66,ไทย,Thailand,13.712121,100.488638
12088,ตลาดริมโขง,Rim Khong Market,14000,14,ตลาด,Market,6604010701,1,สีกัน,Si Kan,7,ดอนเมือง,Don Mueang,1,กรุงเทพมหานคร,Bangkok,4,กรุงเทพฯและปริมณฑล,Circumference,10210,66,ไทย,Thailand,13.923717,100.599661
70918,ตลาดแสงฟ้า,Talat Saeng Fa,14000,14,ตลาด,Market,6604010701,1,สีกัน,Si Kan,7,ดอนเมือง,Don Mueang,1,กรุงเทพมหานคร,Bangkok,4,กรุงเทพฯและปริมณฑล,Circumference,10210,66,ไทย,Thailand,13.924093,100.599062
12078,ตลาดหม้อเพชรหม้อพลอย,Moh - pet Moh - ploy market,14000,14,ตลาด,Market,6604012503,3,สี่พระยา,Si Phraya,25,บางรัก,Bang Rak,1,กรุงเทพมหานคร,Bangkok,4,กรุงเทพฯและปริมณฑล,Circumference,10500,66,ไทย,Thailand,13.728967,100.520255
12075,ตลาดสดเพชรพลอย,Phet Phloi Market,14000,14,ตลาด,Market,6604012503,3,สี่พระยา,Si Phraya,25,บางรัก,Bang Rak,1,กรุงเทพมหานคร,Bangkok,4,กรุงเทพฯและปริมณฑล,Circumference,10500,66,ไทย,Thailand,13.729312,100.519966
11966,ตลาดผดุงกรุงเกษม,Phadung Krung Kasem Market,14000,14,ตลาด,Market,6604010905,5,สี่แยกมหานาค,Si Yaek Maha Nak,9,ดุสิต,Dusit,1,กรุงเทพมหานคร,Bangkok,4,กรุงเทพฯและปริมณฑล,Circumference,10300,66,ไทย,Thailand,13.754585,100.517708
11981,ตลาดโบ๊เบ๊,Bobae Market,14000,14,ตลาด,Market,6604010905,5,สี่แยกมหานาค,Si Yaek Maha Nak,9,ดุสิต,Dusit,1,กรุงเทพมหานคร,Bangkok,4,กรุงเทพฯและปริมณฑล,Circumference,10300,66,ไทย,Thailand,13.753716,100.518173
42795,ตลาดผลไม้สะพานขาว,Saphan Khao Fruit Market,14000,14,ตลาด,Market,6604010905,5,สี่แยกมหานาค,Si Yaek Maha Nak,9,ดุสิต,Dusit,1,กรุงเทพมหานคร,Bangkok,4,กรุงเทพฯและปริมณฑล,Circumference,10300,66,ไทย,Thailand,13.757339,100.517793
42796,ตลาดสะพานขาว,Saphan khao Market,14000,14,ตลาด,Market,6604010905,5,สี่แยกมหานาค,Si Yaek Maha Nak,9,ดุสิต,Dusit,1,กรุงเทพมหานคร,Bangkok,4,กรุงเทพฯและปริมณฑล,Circumference,10300,66,ไทย,Thailand,13.757049,100.517828
42802,ตลาดสะพานขาว,Saphan Khao Market,14000,14,ตลาด,Market,6604010905,5,สี่แยกมหานาค,Si Yaek Maha Nak,9,ดุสิต,Dusit,1,กรุงเทพมหานคร,Bangkok,4,กรุงเทพฯและปริมณฑล,Circumference,10300,66,ไทย,Thailand,13.75826,100.51635
12076,ตลาดซอยประชุม,Soi Prachum Market,14000,14,ตลาด,Market,6604012505,5,สุริยวงศ์,Suriyawong,25,บางรัก,Bang Rak,1,กรุงเทพมหานคร,Bangkok,4,กรุงเทพฯและปริมณฑล,Circumference,10500,66,ไทย,Thailand,13.725007,100.52286
12093,ตลาดศรีเสนา,Srisena Market,14000,14,ตลาด,Market,6604010502,2,เสนานิคม,Sena Nikhom,5,จตุจักร,Chatuchak,1,กรุงเทพมหานคร,Bangkok,4,กรุงเทพฯและปริมณฑล,Circumference,10900,66,ไทย,Thailand,13.836995,100.581717
12094,ตลาดบางเขน,Bangkhen Market,14000,14,ตลาด,Market,6604010502,2,เสนานิคม,Sena Nikhom,5,จตุจักร,Chatuchak,1,กรุงเทพมหานคร,Bangkok,4,กรุงเทพฯและปริมณฑล,Circumference,10900,66,ไทย,Thailand,13.834417,100.573378
70867,ตลาดประจวบ,Talat Prachuap,14000,14,ตลาด,Market,6604010502,2,เสนานิคม,Sena Nikhom,5,จตุจักร,Chatuchak,1,กรุงเทพมหานคร,Bangkok,4,กรุงเทพฯและปริมณฑล,Circumference,10900,66,ไทย,Thailand,13.83698,100.581696
12028,ตลาดเกษตรมีนบุรี,Minburi Agricultural Market,14000,14,ตลาด,Market,6604013402,2,แสนแสบ,Saen Saep,34,มีนบุรี,Min Buri,1,กรุงเทพมหานคร,Bangkok,4,กรุงเทพฯและปริมณฑล,Circumference,10510,66,ไทย,Thailand,13.799508,100.744455
12064,ตลาดบางกระดี่,Bangkradi Market,14000,14,ตลาด,Market,6604011702,2,แสมดำ,Samae Dam,17,บางขุนเทียน,Bang Khun Thian,1,กรุงเทพมหานคร,Bangkok,4,กรุงเทพฯและปริมณฑล,Circumference,10150,66,ไทย,Thailand,13.628014,100.39958
42811,ตลาดกลางเคหะธนบุรี-ปากท่อ,Klang Kheha Thonburi-Paktho Market,14000,14,ตลาด,Market,6604011702,2,แสมดำ,Samae Dam,17,บางขุนเทียน,Bang Khun Thian,1,กรุงเทพมหานคร,Bangkok,4,กรุงเทพฯและปริมณฑล,Circumference,10150,66,ไทย,Thailand,13.648514,100.420452
70879,ตลาดมีนบุรี,Talat Min Buri,14000,14,ตลาด,Market,6604011702,2,แสมดำ,Samae Dam,17,บางขุนเทียน,Bang Khun Thian,1,กรุงเทพมหานคร,Bangkok,4,กรุงเทพฯและปริมณฑล,Circumference,10150,66,ไทย,Thailand,13.628036,100.399645
70880,ตลาดมีนบุรี 1,Talat Min Buri 1,14000,14,ตลาด,Market,6604011702,2,แสมดำ,Samae Dam,17,บางขุนเทียน,Bang Khun Thian,1,กรุงเทพมหานคร,Bangkok,4,กรุงเทพฯและปริมณฑล,Circumference,10150,66,ไทย,Thailand,13.648499,100.420387
12066,ตลาดศูนย์การค้าหนองแขม,Nongkham Market,14000,14,ตลาด,Market,6604014702,2,หนองค้างพลู,Nong Khang Phlu,47,หนองแขม,Nong Khaem,1,กรุงเทพมหานคร,Bangkok,4,กรุงเทพฯและปริมณฑล,Circumference,10160,66,ไทย,Thailand,13.704444,100.342411
12067,ตลาดสมพรชัย,Somphonchai Market,14000,14,ตลาด,Market,6604014702,2,หนองค้างพลู,Nong Khang Phlu,47,หนองแขม,Nong Khaem,1,กรุงเทพมหานคร,Bangkok,4,กรุงเทพฯและปริมณฑล,Circumference,10160,66,ไทย,Thailand,13.706027,100.357023
12068,ตลาดศูนย์กลางเพชรเกษม,Phetkasem Market,14000,14,ตลาด,Market,6604014702,2,หนองค้างพลู,Nong Khang Phlu,47,หนองแขม,Nong Khaem,1,กรุงเทพมหานคร,Bangkok,4,กรุงเทพฯและปริมณฑล,Circumference,10160,66,ไทย,Thailand,13.706405,100.362145
12071,ตลาดหมู่บ้านหรรษา,Hansa Village Market,14000,14,ตลาด,Market,6604014702,2,หนองค้างพลู,Nong Khang Phlu,47,หนองแขม,Nong Khaem,1,กรุงเทพมหานคร,Bangkok,4,กรุงเทพฯและปริมณฑล,Circumference,10160,66,ไทย,Thailand,13.702102,100.335146
70899,ตลาดศรีวณิช,Talat Si Wanit,14000,14,ตลาด,Market,6604014702,2,หนองค้างพลู,Nong Khang Phlu,47,หนองแขม,Nong Khaem,1,กรุงเทพมหานคร,Bangkok,4,กรุงเทพฯและปริมณฑล,Circumference,10160,66,ไทย,Thailand,13.706211,100.362028
70926,ตลาดอัมรินทร์,Talat Am Rin,14000,14,ตลาด,Market,6604014702,2,หนองค้างพลู,Nong Khang Phlu,47,หนองแขม,Nong Khaem,1,กรุงเทพมหานคร,Bangkok,4,กรุงเทพฯและปริมณฑล,Circumference,10160,66,ไทย,Thailand,13.704843,100.340741
12021,ตลาดนัดเพิ่มพูนทรัพย์,Phoem Phun Sap Market,14000,14,ตลาด,Market,6604014802,2,หนองจอก,Nong Chok,48,หนองจอก,Nong Chok,1,กรุงเทพมหานคร,Bangkok,4,กรุงเทพฯและปริมณฑล,Circumference,10530,66,ไทย,Thailand,13.859675,100.863955
42836,ตลาดศรีตะกล่ำ,Sritaklam Market,14000,14,ตลาด,Market,6604012802,2,หนองบอน,Nong Bon,28,ประเวศ,Prawet,1,กรุงเทพมหานคร,Bangkok,4,กรุงเทพฯและปริมณฑล,Circumference,10250,66,ไทย,Thailand,13.677382,100.663309
48099,ตลาดยอดมิตรภาพ,Talad Yod Mittaphap,14000,14,ตลาด,Market,6604012802,2,หนองบอน,Nong Bon,28,ประเวศ,Prawet,1,กรุงเทพมหานคร,Bangkok,4,กรุงเทพฯและปริมณฑล,Circumference,10250,66,ไทย,Thailand,13.697476,100.636838
70895,ตลาดวัดไทร,Talat Wat Sai,14000,14,ตลาด,Market,6604012802,2,หนองบอน,Nong Bon,28,ประเวศ,Prawet,1,กรุงเทพมหานคร,Bangkok,4,กรุงเทพฯและปริมณฑล,Circumference,10250,66,ไทย,Thailand,13.688534,100.647923
70904,ตลาดศูนย์การค้าบางปะกอก,Talat Sunkankha Bang Pa Kok,14000,14,ตลาด,Market,6604012802,2,หนองบอน,Nong Bon,28,ประเวศ,Prawet,1,กรุงเทพมหานคร,Bangkok,4,กรุงเทพฯและปริมณฑล,Circumference,10250,66,ไทย,Thailand,13.677361,100.663284
12059,ตลาดคลองขวาง,Klongkhwang Market,14000,14,ตลาด,Market,6604012004,4,หลักสอง,Lak Song,20,บางแค,Bang Khae,1,กรุงเทพมหานคร,Bangkok,4,กรุงเทพฯและปริมณฑล,Circumference,10160,66,ไทย,Thailand,13.693463,100.380879
12123,ตลาดนัด,Weekly Market,14000,14,ตลาด,Market,6604015003,3,ห้วยขวาง,Huai Khwang,50,ห้วยขวาง,Huai Khwang,1,กรุงเทพมหานคร,Bangkok,4,กรุงเทพฯและปริมณฑล,Circumference,10310,66,ไทย,Thailand,13.755163,100.571682
12198,ตลาดลำผักชี,Lamphakchee Market,14000,14,ตลาด,Market,6604011602,2,หัวหมาก,Hua Mak,16,บางกะปิ,Bang Kapi,1,กรุงเทพมหานคร,Bangkok,4,กรุงเทพฯและปริมณฑล,Circumference,10240,66,ไทย,Thailand,13.765816,100.656629
12199,ตลาดฮ่องกงพลาซ่า,Hongkong Plaza Market,14000,14,ตลาด,Market,6604011602,2,หัวหมาก,Hua Mak,16,บางกะปิ,Bang Kapi,1,กรุงเทพมหานคร,Bangkok,4,กรุงเทพฯและปริมณฑล,Circumference,10240,66,ไทย,Thailand,13.762818,100.643803
12200,ตลาดเสรี,Seri Market,14000,14,ตลาด,Market,6604011602,2,หัวหมาก,Hua Mak,16,บางกะปิ,Bang Kapi,1,กรุงเทพมหานคร,Bangkok,4,กรุงเทพฯและปริมณฑล,Circumference,10240,66,ไทย,Thailand,13.754564,100.613887
70923,ตลาดองค์การตลาดปากคลอง,Talat Ongkan Talat Pak Khlong,14000,14,ตลาด,Market,6604011602,2,หัวหมาก,Hua Mak,16,บางกะปิ,Bang Kapi,1,กรุงเทพมหานคร,Bangkok,4,กรุงเทพฯและปริมณฑล,Circumference,10240,66,ไทย,Thailand,13.765729,100.65596
70877,ตลาดมหาสิน,Talat Maha Sin,14000,14,ตลาด,Market,6604011602,2,หัวหมาก,Hua Mak,16,บางกะปิ,Bang Kapi,1,กรุงเทพมหานคร,Bangkok,4,กรุงเทพฯและปริมณฑล,Circumference,10240,66,ไทย,Thailand,13.754536,100.613934
42833,ตลาดสี่แยกบ้านแขก,Siyaek Bankaek Market,14000,14,ตลาด,Market,6604011305,5,หิรัญรูจี,Hiran Ruchi,13,ธนบุรี,Thon Buri,1,กรุงเทพมหานคร,Bangkok,4,กรุงเทพฯและปริมณฑล,Circumference,10600,66,ไทย,Thailand,13.730792,100.494243
70872,ตลาดพาณิชย์ปัฐวิกรณ์,Talat Phanit Pattha Wi Kon,14000,14,ตลาด,Market,6604011305,5,หิรัญรูจี,Hiran Ruchi,13,ธนบุรี,Thon Buri,1,กรุงเทพมหานคร,Bangkok,4,กรุงเทพฯและปริมณฑล,Circumference,10600,66,ไทย,Thailand,13.730769,100.494079
42825,ตลาดไทยณรงค์,Thainarong Market,14000,14,ตลาด,Market,6604011802,2,อนุสาวรีย์,Anusawari,18,บางเขน,Bang Khen,1,กรุงเทพมหานคร,Bangkok,4,กรุงเทพฯและปริมณฑล,Circumference,10220,66,ไทย,Thailand,13.89391,100.606012
42826,ตลาดยิ่งเจริญ,Yingcharoen Market,14000,14,ตลาด,Market,6604011802,2,อนุสาวรีย์,Anusawari,18,บางเขน,Bang Khen,1,กรุงเทพมหานคร,Bangkok,4,กรุงเทพฯและปริมณฑล,Circumference,10220,66,ไทย,Thailand,13.897517,100.608993
42827,ตลาดสะพานใหม่,Saphan Mai Market,14000,14,ตลาด,Market,6604011802,2,อนุสาวรีย์,Anusawari,18,บางเขน,Bang Khen,1,กรุงเทพมหานคร,Bangkok,4,กรุงเทพฯและปริมณฑล,Circumference,10220,66,ไทย,Thailand,13.897133,100.608764
70882,ตลาดรัชดาภิเษก,Talat Ratchadaphisek,14000,14,ตลาด,Market,6604011802,2,อนุสาวรีย์,Anusawari,18,บางเขน,Bang Khen,1,กรุงเทพมหานคร,Bangkok,4,กรุงเทพฯและปริมณฑล,Circumference,10220,66,ไทย,Thailand,13.858365,100.627182
12025,ตลาดสดออเงิน,Ongoen Market,14000,14,ตลาด,Market,6604014603,3,ออเงิน,O Ngoen,46,สายไหม,Sai Mai,1,กรุงเทพมหานคร,Bangkok,4,กรุงเทพฯและปริมณฑล,Circumference,10220,66,ไทย,Thailand,13.896198,100.660493
12026,ตลาดออเงิน,O Ngoen Market,14000,14,ตลาด,Market,6604014603,3,ออเงิน,O Ngoen,46,สายไหม,Sai Mai,1,กรุงเทพมหานคร,Bangkok,4,กรุงเทพฯและปริมณฑล,Circumference,10220,66,ไทย,Thailand,13.895725,100.66004
