id_depart,name,address,tel,time,dcode,dname,lat,lng
2,บิ๊กซี สาขาสุขาภิบาล 3 สาขา 2 (เอ็กซ์ตร้า),643 ถนน รามคำแหง แขวงหัวหมาก เขตบางกะปิ กรุงเทพมหานคร 10240,0 2735 3062,เปิดเวลา 09:00-21:00น.,1006,บางกะปิ,13.7708549,100.6583974
3,โลตัส จรัญสนิทวงศ์,244 ซอย จรัญสนิทวงศ์ 79 แขวงบางพลัด เขตบางพลัด กรุงเทพมหานคร 10700,0 2434 7575,เปิดเวลา 08:00-22:00น.,1025,บางพลัด,13.78792845,100.5023849
4,โลตัส แจ้งวัฒนะ,300 ม.1 ถ.แจ้งวัฒนะ แขวงทุ่งสองห้อง เขตหลักสี่ กทม. 10210,0 2990 7580,เปิดเวลา 08:00-22:00น.,1041,หลักสี่,13.89582877,100.5561529
5,โลตัส ซีคอนสแควร์,904/2 ม.6 ถ.ศรีนครินทร์ แขวงหนองบอน เขตประเวศ กทม. 10260,0 2721 9118,เปิดเวลา 09:00-23:00น.,1032,ประเวศ,13.69253958,100.6480293
6,โลตัส บางแค,266 ถ. เพชรเกษม แขวงบางแคเหนือ เขตบางแค กทม. 10160,0 2804 4837,เปิดเวลา 08:00-23:00 น.,1040,บางแค,13.71265311,100.4189684
7,โลตัส บางกะปิ,3109 ถ.ลาดพร้าว แขวงคลองจั่น เขตบางกะปิ กทม. 10240,0 2116 5873,เปิดเวลา 08:00-22:00น.,1006,บางกะปิ,13.76830395,100.6438702
8,โลตัส บางปะกอก,538/2 ม.4 แขวงบางปะกอก เขตราษฎร์บูรณะ กทม 10140,0 2872 1525,เปิดเวลา 08:00-22:00น.,1024,ราษฎร์บูรณะ,13.67783388,100.5014712
9,โลตัส ประชาชื่น,829 ถ.ประชาราษฏร์2 แขวงบางซื่อ เขตบางซื่อ กทม. 10800,0 2910 6025,เปิดเวลา 08:00-22:00น.,1029,บางซื่อ,13.80596243,100.5344849
10,โลตัส พระราม 2,88/2528 ม.6 แขวงแสมดำ เขตบางขุนเทียน กทม.10150,0 2892 8250,เปิดเวลา 08:00-23:00น.,1021,บางขุนเทียน,13.64782946,100.4188943
11,โลตัส พระราม 3,172 ถ.นราธิวาสราชนครินทร์ แขวงช่องนนทรี เขตยานาวา กทม.10120,0 2681 0945,เปิดเวลา 08:00-23:00น.,1012,ยานนาวา,13.69649021,100.5413436
12,โลตัส พระราม 4,3300 ถ.พระราม4 แขวงคลองตัน เขตคลองเตย กทม.10110,0 2672 8585,เปิดเวลา 07:00-23:00น.,1033,คลองเตย,13.71699232,100.5684751
13,โลตัส มีนบุรี,136 ถ.สุวินทวงศ์ แขวงเขตมีนบุรี เขตมีนบุรี กทม. 10510,0 2918 9003,เปิดเวลา 08:00-22:00น.,1010,มีนบุรี,13.81684745,100.7286552
14,โลตัส ฟอร์จูนทาวน์,7/1 ถ.รัชดาภิเษก แขวงดินแดง เขตดินแดง กทม. 10320,0 2642 0500,เปิดเวลา 09:00-22:00น.,1026,ดินแดง,13.75660829,100.5646328
15,โลตัส รามอินทรา,59 ถ.ประดิษฐ์มนูธรรม แขวงลาดพร้าว เขตลาดพร้าว กทม.10230,0 2935 9825,เปิดเวลา 07:00-23:00น.,1038,ลาดพร้าว,13.80173101,100.6136569
16,โลตัส ลาดพร้าว,1190 ถ.พหลโยธิน แขวงจอมพล เขตจตุจักร กทม. 10900,0 2930 9444,เปิดเวลา 08:00-22:00น.,1030,จตุจักร,13.81788925,100.5639125
17,โลตัส สุขาภิบาล 1,629 ม. 10 ถ.นวมินทร์ แขวงคลองกุ่ม เขตบึงกุ่ม กทม.10230,0 2947 7720,เปิดเวลา 08:00-22:00น.,1027,บึงกุ่ม,13.82557633,100.6596258
18,โลตัส สุขุมวิท 50,1710 ถ.สุขุมวิท 50 แขวงพระโขนง เขตคลองเตย กทม. 10110,0 2741 4469,เปิดเวลา 06:00-24:00น.,1033,คลองเตย,13.70500988,100.6003747
19,โลตัส หลักสี่,599 ม. 3 ถ.พหลโยธิน แขวงอนุสาวรีย์ เขตบางเขน กทม. 10220,0 2955 7500,เปิดเวลา 08:00-22:00น.,1005,บางเขน,13.87918048,100.600674
20,คาร์ฟู สาขาสุวินทวงศ์,123 ม.16 ถ.สุวินทวงศ์ แขวงมีนบุรี เขตมีนบุรี กรุงเทพฯ,02-9064814-21,เปิดเวลา ทุกวัน 09:00-23:00 น.,1010,มีนบุรี,13.81724495,100.7196773
21,คาร์ฟู สาขาเพชรเกษม,29/1 ม.11 ถ.เพชชรเกษม แขวงหนองค้างพลู เขตหนองแขม กรุงเทพฯ,02-807-4754-60,เปิดเวลา: ทุกวัน 09:00-23:00น.,1023,หนองแขม,13.70915029,100.3668086
22,คาร์ฟู สาขารามอินทรา,59 ม.4 ถ.รามอินทรา กม.25 แขวงอนุสาวรีย์ เขตบางเขน กรุงเทพฯ,02-9717555-62,เปิดเวลา ทุกวัน 09:00-23:00น.,1005,บางเขน,13.86135411,100.6174076
23,คาร์ฟู สาขาพระราม 4,2929 ถ.พระราม 4 แขวงคลองตัน เขตคลองเตย กรุงเทพฯ,02-971-7555-62,เปิดเวลา ทุกวัน 09:00-23:00น.,1033,คลองเตย,13.71881904,100.5683485
24,คาร์ฟู สาขาบางแค,110/6 ม.9 ถ.เพชรเกษม แขวงบางหว้า เขตภาษีเจริญ กรุงเทพฯ,02-8047340-43,เปิดเวลา ทุกวัน 09:00-23:00น.,1022,ภาษีเจริญ,13.7114651,100.4337272
25,คาร์ฟู สาขารัชดาภิเษก,125 ถ.รัชดาภิเษก แขวงดินแดง เขตดินแดง กรุงเทพฯ,02-354-0570,เปิดเวลา ทุกวัน 09:00-23:00น.,1026,ดินแดง,13.76874863,100.5716123
26,คาร์ฟู สาขาบางบอน,19/164 ม.6 ถ.เอกชัย แขวงบางบอน เขตบางบอน กรุงเทพฯ,02-898-0991-8,เปิดเวลา ทุกวัน 09:00-23:00น.,1050,บางบอน,13.67889585,100.4351569
27,คาร์ฟู สาขาบางปะกอก,278 ม.1 ถ.สุขสวัสดิ์ แขวงบางปะกอก เขตราษฎร์บูรณะ กรุงเทพฯ,02-898-0991-8,เปิดเวลา ทุกวัน 09:00-23:00น.,1024,ราษฎร์บูรณะ,13.68347624,100.4907092
28,คาร์ฟู สาขาอ่อนนุช,114 ซ.อ่อนนุช 1 ถ.สุขุมวิท แขวงพระโขนงเหนือ เขตวัฒนา กรุงเทพฯ,02-311-8099,เปิดเวลา ทุกวัน 09:00-23:00น.,1039,วัฒนา,13.70922381,100.6015035
29,คาร์ฟู สาขาลาดพร้าว,669 ถ.ลาดพร้าว แขวงจอมพล เขตจตุจักร กรุงเทพฯ,02-983-7333,เปิดเวลา ทุกวัน 09:00-23:00น.,1030,จตุจักร,13.81065108,100.5664078
30,คาร์ฟู สาขาอิสรภาพ,2 ถ.อิสรภาพ วัดกัลยา เขตธนบุรี กรุงเทพฯ,02-890-3000,เปิดเวลา ทุกวัน 09:00-23:00น.,1015,ธนบุรี,13.7328766,100.4922691
31,คาร์ฟู สาขาสุขาภิบาล 1,13/40 ถ.นวมินทร์ ม.9 แขวบคลองกุ่ม เขตบึงกุ่ม กรุงเทพฯ,02-9468700,เปิดเวลา ทุกวัน 09:00-23:00น.,1027,บึงกุ่ม,13.81369083,100.6474806
32,คาร์ฟู สาขาหนองจอก,34 ม 1 ถ.เลียบทวี แขวงกระทุ่มราย เขตหนองจอก กรุงเทพฯ,02-9857800,เปิดเวลา ทุกวัน 09:00-23:00น.,1003,หนองจอก,13.85556997,100.8555681
33,คาร์ฟู สาขาพระราม 2,189/1 ม.6 ถ.พระรามที่2 แขวงแสมดำ เขตบางขุนเทียน กรุงเทพฯ,02-4513222,เปิดเวลา ทุกวัน 09:00-23:00น.,1021,บางขุนเทียน,13.64768348,100.4159632
34,คาร์ฟู สาขาสวนหลวง,314-314/1 ถ.เฉลิมพระเกียรติ ร.9 แขวงหนองบอน เขตประเวศ กรุงเทพฯ,02-3282100,เปิดเวลา ทุกวัน 09:00-23:00น.,1032,ประเวศ,13.68672698,100.668363
35,โลตัส ปิ่นเกล้า,3 ถ.บรมราชชนนี แขวงอรุณอมรินทร์ เขตบางกอกน้อย กทม. 10700,0 2884 6290,เปิดเวลา 08:00-22:00น.,1020,บางกอกน้อย,13.77643345,100.4779882
36,คาร์ฟู สาขาสายไหม,89-89/3 ม.3 ถ.สายไหม แขวงสายไหม เขตสายไหม กรุงเทพฯ,02-976-4300,เปิดเวลา ทุกวัน 09:00-23:00น.,1042,สายไหม,13.92120566,100.6807652
37,บิ๊กซี สำนักงานใหญ่,97/11 ชั้น 6 ถ.ราชดำริห์ แขวงลุมพินี เขตปทุมวัน,02655-0666,เวลาเปิด/ปิด 8.00 - 17.00 น.,1007,ปทุมวัน,13.74745574,100.5410106
38,บิ๊กซี สาขาดอนเมือง,1 ถ.พหลโยธิน ซ.พหลโยธิน 50 แขวงอนุสาวรีย์ เขตบางเขน กรุงเทพฯ,02-973-7222-36,ทุกวัน 9.00 - 23.00 น.,1005,บางเขน,13.89039247,100.6056177
39,บิ๊กซี สาขาดาวคนอง,1050 ถ.สมเด็จพระเจ้าตากสิน แขวงบุคโล เขตธนบุรี กรุงเทพฯ,02-876-2777-91,ทุกวัน 9.00 - 23.00 น.,1015,ธนบุรี,13.69906337,100.4826807
40,บิ๊กซี สาขาหัวหมาก,2001 ถ.รามคำแหง แขวงหัวหมาก เขตบางกะปิ กรุงเทพฯ,02-718-6000,ทุกวัน 9.00 - 23.00 น.,1006,บางกะปิ,13.75567556,100.6125732
41,บิ๊กซี สาขาบางนา,111 ถ.บางนา - ตราด แขวงบางนส เขตบางนา กรุงเทพฯ,02-2744-3260-73,ทุกวัน 9.00 - 23.00 น.,1047,บางนา,13.66864237,100.6355043
42,บิ๊กซี สาขาสะพานควาย,618/1 ถ. พหลโยธิน แขวงสามเสนใน เขตพญาไท กรุงเทพฯ,02-616-7555,ทุกวัน 9.00 - 23.00 น.,1014,พญาไท,13.79097029,100.5497028
43,บิ๋กซี สาขาลาดพร้าว,2539 ถ.ลาดพร้าว83 แขวงคลองเจ้าคุณสิงห์ เขตวังทองหลาง กรุงเทพฯ,02-934-9888-96,ทุกวัน 9.00 - 23.00 น.,1045,วังทองหลาง,13.78553278,100.6123433
44,บิ๊กซี สาขาราชดำริ,97/11 ถ.ราชดำริห์ แขวงลุมพินี เขตปทุมวัน กรุงเทพฯ,02-250-4888,ทุกวัน 9.00 - 23.00 น.,1007,ปทุมวัน,13.74593582,100.5412226
45,บิ๊กซี สาขาแฟชั่นไอส์แลนด์,2539 ถ.ลาดพร้าว แขวงวังทองหลาง เขตวังทองหลาง กรุงเทพฯ,02-9349888-96,ทุกวัน 9.00 - 23.00 น.,1043,คันนายาว,13.82584271,100.6789224
46,บิ๊กซี สาขาวงศ์สว่าง,888 ถ.พิบูลย์สงครา แขวงบางซื่อ เขตบางซื่อ กรุงเทพฯ,02-587-2055,ทุกวัน 9.00 - 23.00 น.,1029,บางซื่อ,13.82686364,100.5282946
47,บิ๊กซี สาขาธนบุรี ปากท่อ,56 ม.6 แขวงแสมดำ เขตบางขุนเทียน กรุงเทพฯ,02-8957600,ทุกวัน 9.00 - 23.00 น.,1021,บางขุนเทียน,13.66203349,100.4404072
48,บิ๊กซี สาขาราษฎร์บูรณะ,19 ม. 9 ถ.ราษฎร์บูรระ แขวงบางปะกอก เขตราษฎร์บูรณะ กรุงเทพฯ,02-873-1200,ทุกวัน 9.00 - 23.00 น.,1024,ราษฎร์บูรณะ,13.68326519,100.5002114
49,บิ๊กซี สาขาแจ้งวัฒนะ,96 ม.1 ถ.แจ้งวัฒนะ แขวงหลักสี่ เขตหลักสี่ กรุงเทพฯ,02-573-5800,ทุกวัน 9.00 - 23.00 น.,1041,หลักสี่,13.89349431,100.560773
50,สำนักงานใหญ่ บริษัท สหฟาร์ม จำกัด,44/4 ถ.นวมินทร์ แขวงคลองกุ่ม เขตบึงกุ่ม กรุงเทพฯ,02-510-5737,-,1027,บึงกุ่ม,13.83318627,100.6597259
51,ห้างสรรพสินค้า ตั้งฮั่วเส็ง สาขาธนบุรี,289 ถ.สิรินธร แขวงบางบำหรุ เขตบางพลัด กรุงเทพฯ,"02-4340448,02-881-9500",วันเวลา เปิด-ปิด 10.00น.-22.00,1025,บางพลัด,13.7879396,100.4826757
52,ห้างสรรพสินค้า ตั้งฮั่วเส็ง สาขาบางลำพู,172-182 ถ.จักรพงษ์ บางลำพู กรุงเทพฯ,02-280-0936-42,เวลา เปิด-ปิด10.00น.-21.30น,1001,พระนคร  ,13.76112885,100.4975713
53,สำนักงานใหญ่เดอะมอลล์,ถนนรามคำแหง แขวงหัวหมาก เขตบางกะปิ กรุงเทพฯ,-,เปิดปิดเวลา 10.00 - 20.00 น,1006,บางกะปิ,13.75167422,100.6107427
54,ห้างสรรพสินค้าเดอะมอลล์ 3,1911 ถนนรามคำแหง แขวงหัวหมาก เขต บางกะปิ กรุงเทพฯ,-,ทุกวัน 10.30 น. -21.00 น,1006,บางกะปิ,13.75288493,100.6094379
55,เดอะมอลล์ สาขาโฮม เฟรช มาร์ท,ถนนรามคำแหง แขวงหัวหมาก เขตบางกะปิ กรุงเทพฯ,-,จันทร์-ศุกร์ 10.30-22.00น.เสาร์-อาทิตย์10.00-24.00น.,1006,บางกะปิ,13.75107876,100.6105722
56,เดอะมอลล์ สาขาท่าพระ,99 ถรัชดาภิเษก แขวงบุคคโล เขตธนบุรี กรุงเทพฯ,-,จันทร์-ศุกร์10.30-22.00น,1015,ธนบุรี,13.7135623,100.479739
57,เดอะมอลล์ สาขาบางแค,275ม.2 ถ.เพชรเกษม แขวงบางแคเหนือ เขตบางแค กรุงเทพฯ,-,วันจันทร์-ศุกร์ 10.00 น. - 22.00 น.เสาร์-อาทิตย์ 10.00น.-23.00น.,1040,บางแค,13.71350346,100.4077948
58,เดอะมอลล์สาขาบางกะปิ,3522 ถ.ลาดพร้าว แขวงคลองจั่น เขตบางกะปิ กรุงเทพฯ,02-318-9190,เวลาเปิด / ปิด :10.30-21.00น,1006,บางกะปิ,13.76611153,100.6419129
59,ฟูดแลนด์ สำนักงานใหญ่,2675 ถ.ลาดพร้าว ซ.95 แขวงวังทองหลาง เขตวังทองหลาง กรุงเทพฯ,02-530-0220-22,จันทร์-ศุกร์ : 8.30-18.00 เสาร์ 9.00-16.00,1045,วังทองหลาง,13.77930615,100.6231577
60,ฟูดแลนด์ สาขาพัฒน์พงศ์,9 ชั้นล่าง ถ.พัฒน์พงษ์ แขวงสุริยวงศ์ เขตบางรัก กรุงเทพฯ,02-234-4558,จันทร์-ศุกร์ : 8.30-18.00 เสาร์ 9.00-16.00 .,1004,บางรัก,13.72979204,100.5324532
61,ฟูดแลนด์ สาขาหัวหมาก,1851 ถ.สุขุมวิท แขวงหัวหมาก เขตบางกะปิ กรุงเทพฯ,02-314-6763,เปิดบริการ 24 ชั่วโมง,1006,บางกะปิ,13.75019367,100.6076903
62,ฟูดแลนด์ สาขาเพชรบุรี,2443 ถ.เพชรบุรีตัดใหม่ แขวงบางกะปิ เขตห้วยขวาง กรุงเทพฯ,02-318-2063,เปิดบริการ 24 ชั่วโมง,1017,ห้วยขวาง,13.74377518,100.5910858
63,ฟูดแลนด์ สาขารามอินทรา,78/5 ม.4 ถ.รามอินทรา แขวงอนุสาวรีย์ เขตบางเขน กรุงเทพฯ,02-521-2560,เปิดบริการ 24 ชั่วโมง,1005,บางเขน,13.86015105,100.6243654
64,ฟูดแลนด์ สาขาสุขุมวิท ซอย 5,87 อาคารนายเลิศ ชั้นล่าง สุขมวิท 5 ถ.สุขุมวิท คลองเตยเหนือ กรุงเทพฯ,02-254-2247,เปิดบริการ 24 ชั่วโมง,1039,วัฒนา,13.74229421,100.5539964
65,ฟูดแลนด์ สาขาลาดพร้าว,2675 หมู่ 9 ถ.ลาดพร้าว ซ.95 แขวงวังทองหลาง เขตวังทองหลาง กรุงเทพ,02-530-0220-7,เปิดบริการ 24 ชั่วโมง,1045,วังทองหลาง,13.77915286,100.6231012
66,ฟูดแลนด์ สาขาจรัญสนิทวงศ์,262 ซ.จรัญสนิทวงค์ ถ.จรัญสนิทวงศ์ แขวงบ้านช่างหล่อ เขตบางกอกน้อย กรุงเทพฯฯ,02-411-3333,เปิดบริการ 24 ชั่วโมง,1020,บางกอกน้อย,13.76040477,100.4722278
67,ห้างสรรพสินค้าพาต้า ปิ่นเกล้า สำนักงานใหญ่,125 ถ.สมเด็จพระปิ่นเกล้า แขวงบางยี่ขัน เขตบางพลัด กรุงเทพฯ,02-434-3333,เวลาเปิด / ปิด :10.30-21.30น,1025,บางพลัด,13.77300962,100.4851433
68,ห้างสรรพสินค้ามาบุญครอง,ถนนพญาไท แขวงวังใหม่ เขตปทุมวัน กรุงเทพฯ,-,เวลาเปิด / ปิด :10.00-21.00น,1007,ปทุมวัน,13.74463358,100.5297016
69,ห้างสรรพสินค้าโตคิว สำนักงานใหญ่,444 อาคารมาบุญครองเซ็นเตอร์ ถ.พญาไท แขวงวังใหม่ เขตปทุมวัน กรุงเทพฯ,02-2217-9023,เวลาเปิด / ปิด :10.30-21.00น,1007,ปทุมวัน,13.74420864,100.5297174
70,ห้างสรรพสินค้าเซ็นทรัลปิ่นเกล้า,ถ.บรมราชชนนี แขวงอรุณอัมรินทร์ เขตบางกอกน้อย กรุงเทพฯ,02-8848000-2,จันทร์-ศุกร์ 11:00-21:30 เสาร์ 10:00-22:00 อาทิตย์ 10:00-22:00,1020,บางกอกน้อย,13.77734996,100.4758945
71,ห้างสรรพสินค้า จัสโก้ สาขารัชดาภิเษก,129 ถ.รัชดาภิเษก แขวงดินแดง เขตดินแดง กรุงเทพฯ,02-246-4694-8,จันทร์-ศุกร์ 11:00-21:30 เสาร์ 10:00-22:00 อาทิตย์ 10:00-22:00,1026,ดินแดง,13.76821722,100.569898
72,ห้างสรรพสินค้า จัสโก้ สาขาสุขุมวิท71,140 ถ.สุขุมวิท71 แขวงพระโขนงเหนือ เขตวัฒนา กรุงเทพฯ,02-382-2001-5,เปิดบริการ 24 ชั่วโมง,1039,วัฒนา,13.7187263,100.5969358
73,ห้างสรรพสินค้า จัสโก้ สาขาประชาอุทิศ,11/12 ม.1 ถ.ประชาอุทิศ แขวงทุ่งครุ เขตทุ่งครุ กรุงเทพฯ,02-873-5032-7,เปิดบริการ 24 ชั่วโมง,1049,ทุ่งครุ,13.63991498,100.5011943
74,ห้างสรรพสินค้า จัสโก้ สาขา ศรีนครินทร์,2669 ถ.พัฒนาการ แขวงสวนหลวง เขตสวนหลวง,02-2322-7002-8,เปิดบริการ 24 ชั่วโมง,1034,สวนหลวง,13.73580076,100.6424321
75,สยามแม็คโครจำกัด สาขาบางบอน,40/8 ม10 ถ.สายวงแหวนแยกเอกชัย - เพชรเกษม แขวงบางบอน เขตบางบอน กรุงเทพฯ,02-4168080-90,เวลา 06.00 – 22.00 น.,1050,บางบอน,13.664283,100.4059953
76,สยามแม็คโครจำกัด สาขาลาดพร้าว,3498 ถ.ลาดพร้าว แขวงคลองจั่น เขตบางกะปิ กรุงเทพฯ,02-375-2789,ทำการทุกวัน 10:30-19:30 น.,1006,บางกะปิ,13.76852777,100.6401265
77,สยามแม็คโครจำกัด สาขาจรัญสนิทวงศ์,521-521/7 ถ.จรัญสนิทวงศ์ แขวงบางขุนศรี เขตบางกอกน้อย กรุงเทพฯ,0-2864-5714,ทำการทุกวัน 10:30-19:30 น.,1020,บางกอกน้อย,13.76161869,100.4702748
78,สยามแม็คโคร สาขาสาธร (นราธิวาส),1 ถ.นราธิวาสราชนครินทร์ แขวงทุ่งวัดดอน เขตสาธร กรุงเทพฯ,02-676-0676,ทำการทุกวัน 10:30-19:30,1028,สาทร,13.70990791,100.5349869
79,สยามแม็คโคร สาขาสามเสน,935/11 ถ.สามเสน แขวงถนนนครไชยศรี เขตดุสิต กรุงเทพฯ,02-241-8400,ทำการทุกวัน 10:30-19:30,1002,ดุสิต,13.7911183,100.512875
80,ห้างสรรพสินค้าเซ็นทรัล สาขาสีลม,306 ถ.สีลม แขวงสุริยวงศ์ เขตบางรัก กรุงเทพฯ,02-101-8124-37,เวลา 10:00 น. และปิดในเวลา 19:00 น,1004,บางรัก,13.72431659,100.5203699
81,ห้างสรรพสินค้า เซ็นทรัลชิดลม,ถ.เพลินจิต แขวงลุมพินี เขตปทุมวัน กรุงเทพฯ,02-7937777,เวลาเปิด/ปิด10:00 น.–22:00 น.,1007,ปทุมวัน,13.74443436,100.5442643
82,ห้างสรรพสินค้า เซ็นทรัลพระราม 3,79/3 ถ.สาธุประดิษฐ์ แขวงช่องนนทรี เขตยานนาวา กรุงเทพฯ,-,เวลาเปิด/ปิด10:00 น.–22:00 น.,1012,ยานนาวา,13.69768004,100.5375239
83,ห้างสรรพสินค้าโรบินสัน บางรัก,1522 ถ.เจริญกรุง แขวงบางรัก เขตบางรัก กรุงเทพฯ,-,วันเวลาเปิด-ปิดจันทร์ - พฤหัส 11:00-21:00 น. ศุกร์ 11:00 - 21:30 น. เสาร์ -,1004,บางรัก,13.71963919,100.5151435
84,ห้างสรรพสินค้าโรบินสัน รัชดา,139 ถ.รัชดาภิเษก แขวงดินแดง เขตดินแดง กรุงเทพฯ,"02-2482626-35,02-2245300-9",จันทร์-ศุกร์ เวลา 10.00 – 22.00 น.เสาร์-อาทิตย์ และวันหยุดนักขัตฤกษ์ เวลา 1,1026,ดินแดง,13.7699837,100.5721292
85,ห้างสรรพสินค้าโรบินสัน สุขุมวิท,259 ถ.สุขุมวิท แขวงคลองเตยเหนือ เขตวัฒนา กรุงเทพฯ,"02-6511533-42,022525121",จันทร์-ศุกร์ เวลา 10.00 – 22.00 น.เสาร์-อาทิตย์ และวันหยุดนักขัตฤกษ์ เวลา 1,1039,วัฒนา,13.7383286,100.5593148
86,ห้างสรรพสินค้าโรบินสัน บางแค,110/5 หมู่ 9 ถ.เพชรเกษม แขวงบางหว้า เขตภาษีเจริญ กรุงเทพฯ,02-455-0143-45,จันทร์-ศุกร์ เวลา 10.00 – 22.00 น.เสาร์-อาทิตย์ และวันหยุดนักขัตฤกษ์ เวลา 1,1022,ภาษีเจริญ,13.7121139,100.4340825
87,ห้างสรรพสินค้าโรบินสัน ศรีนครินทร์,904 /1 หมู่ 6 ถ.ศรีนครินทร์ แขวงหนองบอน เขตประเวศ กรุงเทพฯ,02-721-8990-9,เปิดบริการทุกวันตั้งแต่เวลา 10.00-19.00 น.,1032,ประเวศ,13.69521306,100.6483345
88,ห้างสรรพสินค้าโรบินสัน แฟชั่นไอแลนด์,5/7 ม. 7 ถ.รามอินทรา แขวงคันนายาว เขตคันนายาว กรุงเทพฯ,02-9475320-62,"เปิดเวลา: จ-ศุกร์ 11:00-21:00, เสาร์-อา 10:00-21:00",1043,คันนายาว,13.82443502,100.6785793
89,ห้างสรรพสินค้าโรบินสัน ลาดหญ้า,99 ถ.ลาดหญ้า แขวงสมเด็จเจ้าพระยา เขตคลองสาน กรุงเทพฯ,"02-4370111,024370104-5",จันทร์-ศุกร์ เวลา 10.00 – 22.00 น.เสาร์-อาทิตย์ และวันหยุดนักขัตฤกษ์ เวลา 1,1018,คลองสาน,13.72699422,100.4948764
90,ห้างสรรพสินค้าบางลำภู (ประชาราษฎร์2),162/1 ถ.ประชาราษฎร์ สาย 2 แขวงบางซื่อ เขตบางซื่อ กรุงเทพฯ,02-912-7600-6,ทำการทุกวัน 10:00-18:30น.,1029,บางซื่อ,13.80580061,100.52418
91,ห้างสรรพสินค้าบางลำภู,85/1 ถ.ตานี แขวงตลาดยอด เขตพระนคร กรุงเทพฯ,02-2822507-10,วันเวลาเปิด-ปิด 10.00-22.00 น,1001,พระนคร  ,13.76075342,100.4983642
92,ห้างสรรพสินค้าเซ็นทรัล สาขาสีลมคอมเพล็กซ์,191 ถ.สีลม แขวงสีลม เขตบางรัก กรุงเทพฯ,02-231 3333,ทุกวัน เวลา : 10.00-22.00 น,1004,บางรัก,13.72829467,100.5348568
93,ห้างสรรพสินค้าเซ็นทรัล สาขารามอินทรา,109/9 ม.3 ถ.รามอินทรา แขวงอนุสาวรีย์ เขตบางเขน กรุงเทพฯ,02-797 8000,เวลา เปิด-ปิด- จันทร์-ศุกร์ 10:00-21:00- เสาร์-อาทิตย์ และ วันหยุดนักขัตฤกษ,1005,บางเขน,13.87196937,100.6017532
94,ห้างสรรพสินค้าเซ็นทรัล บางนา,หมู่ 12 ถ.บางนา-ตราด แขวงบางนา เขตบางนา กรุงเทพฯ,02-7255000,จันทร์ - พฤหัส 10:30 - 21:00 น. ศุกร์ 10:30 - 22:00 น. เสาร์ - อาทิตย์ และว,1047,บางนา,13.66926497,100.6342977
95,ห้างสรรพสินค้าเซ็นทรัล สาขาลาดพร้าว,1697 ถ.พหลโยธิน แขวงจตุจักร เขตจตุจักร กรุงเทพฯ,02-9371716,ทุกวันเวลา 10.00 น. - 22.00 น.,1030,จตุจักร,13.81630431,100.5601373
96,ห้างสรรพสินค้าเดอะมอลล์ สาขารามคำแหง(2),1988/2 ถ.รามคำแหง แขวงหัวหมาก เขตบางกะปิ กรุงเทพฯ,02-318-9190,วันจันทร์ - วันศุกร์ 10.30 น. -21.00 น,1006,บางกะปิ,13.75034319,100.6110942
97,ห้างสรรพสินค้าเดอะมอลล์ สาขารามคำแหง (4),1911 ถ.รามคำแหง แขวงหัวหมาก เขตบางกะปิ กรุงเทพฯ,-,"เวลาเปิด-ปิดร้าน, วันจันทร์ - วันศุกร์ 10.30 น. -21.00 น",1006,บางกะปิ,13.75384493,100.6105356
98,ศูนย์การค้าสยามเซ็นเตอร์,ถ.พระราม 1 แขวงปทุมวัน เขตปทุมวัน กรุงเทพฯ,-,ทุกวันเวลา 10.00 น. - 22.00 น.,1007,ปทุมวัน,13.7462873,100.5326899
99,ห้างสรรพสินค้าเซ็นทรัลวงศ์สว่าง,888 ถ.พิบูลสงคราม แขวงบางซื่อ เขตบางซื่อ กรุงเทพฯ,-,ทำการทุกวัน 10:00-22:00 .,1029,บางซื่อ,13.80077386,100.5199482
100,ห้างวันเดอร์ ดีพาร์ทเม้นสโตร์,24/9 ถ.เพชรเกษม แขวงบางแค เขตบางแค กรุงเทพฯ,24135533,-,1040,บางแค,13.71164766,100.4240385
101,ห้างสรรพสินค้า IT Square,ถ.แจ้งวัฒนะ แขวงตลาดบางเขน เขตหลักสี่ กรุงเทพฯ,-,"จ-ศุกร์ 11:00-21:00, เสาร์-อา 10:30-21:00",1041,หลักสี่,13.88607854,100.5810323
102,ห้างสรรพสินค้าจัสโก้,ถ.เอกชัย แขวงบางบอน เขตบางบอน กรุงเทพฯ,-,เปิดบริการทุกวัน 24 ชั่วโมง,1050,บางบอน,13.67180634,100.4261745
103,ห้างสรรพสินค้าซีคอนสแควร์,ถ.ศรีนครินทร์ แขวงหนองบอน เขตประเวศ กรุงเทพฯ,-,ทำการทุกวัน 10:00-22:00น .,1032,ประเวศ,13.69430097,100.6482079
104,ห้างสรรพสินค้าดีเซมเบอร์,ถ.นวมินทร์ แขวงหัวหมาก เขตบางกะปิ กรุงเทพฯ,-,ทุกวัน จันทร์ – เสาร์ เวลา 11.00 – 22.00 น,1006,บางกะปิ,13.7650111,100.6483321
105,ห้างฟู๊ดแลนด์ สาขาหลักสี่,333/100 อาคารหลักสี่พลาซ่า ม.4 ถ.แจ้งวัฒนะ แขวงตลาดบางเขน เขตหลักสี่,02-5760601-9,เปิดบริการทุกวัน 24 ชั่วโมง,1041,หลักสี่,13.88711421,100.5816223
106,ห้างฟู๊ดแลนด์ สาขาสุขุมวิท 16,48 อาคารคอมลัมน์ ซ.สุขุมวิท 16 ถ.สุขุมมิตร แขวงคลองเตย เขตคลองเตย กทม.,02-2042177-8,เปิดบริการทุกวัน 24 ชั่วโมง,1033,คลองเตย,13.73299859,100.5602504
107,บิ๊กซี สุขาภิบาล 3,103 ถนนรามคำแหง แขวงมีนบุรี เขตมีนบุรี กรุงเทพฯ,-,ทุกวัน 9.00 - 23.00 น.,1010,มีนบุรี,13.80844362,100.7270949
108,คาร์ฟู สุขาภิบาล 3,1245 ถนนรามคำแหง(สุขาภิบาล3)แขวงหัวหมาก เขตบางกะปิ กรุงเทพฯ,-,ทุกวัน 9.00 - 23.00 น.,1006,บางกะปิ,13.76096963,100.633573
109,คาร์ฟู ร่มเกล้า,"42,44 ถ.ร่มเกล้า แขวงมีนบุรี เขตมีนบุรี กรุงเทพฯ",-,ทุกวัน 9.00 - 23.00 น.,1010,มีนบุรี,13.80131172,100.7412572
110,แฟชั่นไอซ์แลนด์,5/7 ม.7 ถ.รามอินทรา แขวงคันนายาว เขตคันนายาว กรุงเทพฯ,"02-9475320,029475369",ทำการทุกวัน 10:00-21:00น .,1043,คันนายาว,13.8250141,100.6784909
111,เกษรพลาซ่า ปทุมวัน,999 ถนนเพลินจิต แขวงลุมพินี ปทุมวัน กรุงเทพฯ,02 656 1149,ทุกวัน 10:00 - 20:00 น,1007,ปทุมวัน,13.74630056,100.5407164
112,เซ็นทรัลพระราม 2,160 ถนน พระรามสอง แขวง แสมดำ เขต บางขุนเทียน กรุงเทพมหานคร 10150,02 866 4300,ทุกวัน11:00–21:30,1021,บางขุนเทียน,13.66436911,100.4382674
113,เซ็นทรัลเฟสติวัล อีสต์วิลล์,69/3 ซอย ประดิษฐ์มนูธรรม 15 แขวง ลาดพร้าว เขต ลาดพร้าว กรุงเทพมหานคร 10230,02 102 5000,ทุกวัน10:30–22:00,1038,ลาดพร้าว,13.80382442,100.6142077
114,เดอะคริสตัล ลาดพร้าว,ถนน ประดิษฐ์มนูธรรม แขวง ลาดพร้าว เขต ลาดพร้าว กรุงเทพมหานคร 10230,062 101 5959,ทุกวัน10:30–22:00,1038,ลาดพร้าว,13.81197756,100.6183243
115,ศูนย์การค้า เดอะ พาซิโอ,"318, 5 ถนน ลาดกระบัง แขวง ลาดกระบัง เขต ลาดกระบัง กรุงเทพมหานคร 10520",02 329 8999,ทุกวัน เวลา : 10.00-22.00 น,1011,ลาดกระบัง,13.7217273,100.7272259
116,เซ็นเตอร์วัน อนุสาวรีย์ชัยฯ,ถนน ราชวิถี แขวง ถนนพญาไท เขต ราชเทวี กรุงเทพมหานคร 10400,02 246 1831,ทุกวัน เวลา : 10.00-22.00 น,1037,ราชเทวี,13.76414377,100.5393165
117,เจ เจ มอลล์,588 ถนน กำแพงเพชร 2 แขวง จตุจักร เขต จตุจักร กรุงเทพมหานคร 10900,02 265 9999,ทุกวัน10:00–19:00,1030,จตุจักร,13.80210851,100.5493971
118,จตุจักรพลาซ่า,599 ถนน กำแพงเพชร 2 แขวง จตุจักร เขต จตุจักร กรุงเทพมหานคร 10900,02 618 4071,เปิดเวลา 09:0018:00 น.,1030,จตุจักร,13.80066387,100.5491379
119,ศูนย์การค้า พาราไดซ์พาร์ค,61 ถนน ศรีนครินทร์ แขวง หนองบอน เขต ประเวศ กรุงเทพมหานคร 10250,02 780 1000,ทุกวัน10:30–21:30,1032,ประเวศ,13.68819356,100.6477771
120,เอเวอร์นิว พลาซ่า,99 14 ถนน ฉลองกรุง แขวง ลำปลาทิว เขต ลาดกระบัง กรุงเทพมหานคร 10520,02 738 6944,ทุกวัน10:30–21:30,1011,ลาดกระบัง,13.75896489,100.8006022
121,เอ็มโพเรียม,622 ถนน สุขุมวิท แขวง คลองตัน เขต คลองเตย กรุงเทพมหานคร,02 269 1000,ทุกวันเวลา 10.00 น. - 22.00 น.,1033,คลองเตย,13.72995489,100.5684133
122,เซ็นทรัลแกรนด์พระราม 9,ถนนรัชดาภิเษก แขวง ห้วยขวาง เขต ห้วยขวาง กรุงเทพมหานคร,02-103 5999,ทุกวันเวลา 10.00 น. - 22.00 น.,1017,ห้วยขวาง,13.75856055,100.5660884
123,โรบินสันเซ็นทรัลแกรนค์พระราม9(อยุ่ในเซ็นทรัล),แขวง ห้วยขวาง เขต ห้วยขวาง กรุงเทพมหานคร,02 160 3900-18,ทุกวัน11:00–21:00,1017,ห้วยขวาง,13.7580289,100.5658259
124,เซ็นจูรี่ เดอะมูฟวี่ พลาซ่า,15 ถนน พญาไท แขวง ถนนพญาไท เขต พญาไท กรุงเทพมหานคร,02 247 1111,ทุกวันเวลา 10.00 น. - 22.00 น.,1037,ราชเทวี,13.76178051,100.5370631
125,อิเซตัน,1 แขวง ปทุมวัน เขต ปทุมวัน กรุงเทพมหานคร,02 255 9898,ทุกวัน10:30–21:30,1007,ปทุมวัน,13.7466462,100.5389247
126,ศูนย์การค้าพันธุ์ทิพย์ ประตูน้ำ,604/3 ถนน เพชรบุรี แขวง ถนนเพชรบุรี เขต ราชเทวี กรุงเทพมหานคร 10400,02 256 0355,ทุกวัน10:00–21:00,1037,ราชเทวี,13.75058701,100.5375264
127,สยามพารากอน,แขวง ปทุมวัน เขต ปทุมวัน กรุงเทพมหานคร,02 610 8000,ทุกวัน10:00–21:00,1007,ปทุมวัน,13.74693305,100.5349596
128,เทอร์มินอล 21 อโศก,88 ซอย สุขุมวิท 19 แขวง คลองเตยเหนือ เขต วัฒนา กรุงเทพมหานคร,66 2 108 0888,ทุกวันเวลา 10.00 น. - 22.00 น.,1039,วัฒนา,13.73824874,100.5605071
129,villamarket,356 ซอย พหลโยธิน แขวง สามเสนใน เขต พญาไท กรุงเทพมหานคร 10400,02 613 0592,ทุกวันเวลา 10.00 น. - 22.00 น.,1014,พญาไท,13.77993538,100.5450799
130,โลตัส พระราม 1,831 ถ.พระราม1 แขวงวังใหม่ เขตปทุมวัน กทม. 10330,0 2612 5359,เปิดเวลา 08:00-23:00 น.,1007,ปทุมวัน,13.74849742,100.5246685
131,โลตัส ฟอร์จูนทาวน์,"7, 1 ถนนรัชดาภิเษก แขวง ดินแดง เขต ดินแดง กรุงเทพมหานคร 10320",02 642 0500,ทำการทุกวัน 10:00-22:00น .,1026,ดินแดง,13.76044484,100.5654351
132,แฮปปี้แลนด์พลาซ่า,2 ถนนลาดพร้าว แขวง คลองจั่น เขต บางกะปิ กรุงเทพมหานคร,02 704 9000,ทำการทุกวัน 10:00-21:00น .,1006,บางกะปิ,13.76940612,100.6426017
133,พันธ์ทิพพลาซ่า บางกะปิ,3191 1-428 ถนนลาดพร้าว แขวง คลองจั่น เขต บางกะปิ กรุงเทพมหานคร,02 187 3009,ทำการทุกวัน 10:00-21:00น .,1006,บางกะปิ,13.76736294,100.646721
134,บิ๊กซี บางปะกอก,บิ๊กซี บางปะกอก 278 หมู่ที่ 1 ถนนสุขสวัสดิ์ แขวงบางปะกอก ราษฎร์บูรณะ กทม..,02-427-7951,ทำการทุกวัน 10:00-21:00น .,1024,ราษฎร์บูรณะ,13.68341997,100.4925485
136,บิ๊กซี ลาดพร้าว 2,669 ถนนลาดพร้าว แขวงจอมพล เขตจตุจักร,0-2512-1936-7,ทุกวันเวลา 8.30 น. - 22.00 น.,1030,จตุจักร,13.81012094,100.5687444
137,สุพรีมคอมเพล็ก,1024 ถนน สามเสน แขวง ถนนนครไชยศรี เขต ดุสิต กรุงเทพมหานคร,02 669 5999,ทำการทุกวัน 10:00-21:00น .,1002,ดุสิต,13.7897004,100.5156036
138,บิ๋กซี สาขาเพชรเกษม,20/1 ถนนเพชรเกษม แขวงหนองค้างพลู เขตหนองแขม,0-2807-4751,ทำการทุกวัน 10:00-21:00น .,1040,บางแค,13.70710844,100.3812392
140,บิ๊กซี หนองจอก,34 หมู่ 1 ถนนเลียบวารี แขวงกระทุ่มราย เขตหนองจอก กรุงเทพฯ,"02-985-7800,02985-7089",เปิดเวลา 09:00-23:00น.,1010,มีนบุรี,13.85548002,100.8543186
141,ห้างสรรพสินค้าอัมรินทร์พลาซ่า,496 502 ถนน เพลินจิต แขวง ลุมพินี เขต ปทุมวัน,02 650 4704,เปิดเวลา 09:00-23:00 น.,1007,ปทุมวัน,13.74366619,100.5413465
142,บิ๊กซี สาขาบางบอน,ถนนเอกชัย ระหว่างซอยเอกชัย 63-65 แขวงบางบอน เขตบางบอน,-,เปิดเวลา 09:00-23:00น.,1050,บางบอน,13.6780655,100.4364924
143,บิ๊กซี สาขากัลปพฤกษ์,25 ถนนกัลปพฤกษ์ แขวงบางบอน เขตบางบอน กรุงเทพฯ,"02-4172710,024172854",เปิดเวลา 09:00-23:00น.,1050,บางบอน,13.6885672,100.4322294
144,บิ๊กซีพระราม 2,127 ถนนพระรามที่ 2 แขวงแสมดำ เขตบางขุนเทียน กทม.,"02-2895-7600,02895-7675",ทุกวัน 9.00 - 23.00,1021,บางขุนเทียน,13.65158967,100.4205345
145,บิ๊กซี ร่มเกล้า,"42,44 ถนนร่มเกล้า แขวงมีนบุรี เขตมีนบุรี กรุงเทพฯ",02-918-2000,เปิดเวลา 09:00-23:00น.,1010,มีนบุรี,13.81114913,100.7369185
146,บิ๊กซี สุวินทวงศ์,123 หมู่ 16 ถนนสุวินทวงศื แขวงมีนบุรี เขตมีนบุรี กรุงเทพฯ,"02-2906-4814-21,029-906-4822",เปิดเวลา 09:00-23:00น.,1010,มีนบุรี,13.81672805,100.7212088
147,บิ๊กซี อิสรภาพ,2 ถนนอิสรภาพ แขวงวัดกัลยาณ์ เขตธนบุรี กรุงเทพฯ,"02-890-3000,02472-7111",เปิดเวลา 09:00-23:00น.,1015,ธนบุรี,13.733099,100.4928623
148,บิ๊กซี เอกมัย,78 ซ.สุขุมวิท 63 แขวงพระโขนงเหนือ เขตวัฒนา กรุงเทพฯ,,เปิดเวลา 09:00-23:00น.,1039,วัฒนา,13.72710251,100.5861838
149,โลตัสสุขาภิบาล 3,"101,101/1 ถ.รามคำแหง แขวงมีนบุรี เขตมีนบุรี กทม. 10510",0 2916 5500,เปิดเวลา 08:00-22:00 น.,1010,มีนบุรี,13.8067645,100.7255195
150,โลตัส พัฒนาการ,2279 ถ.พัฒนาการ เขตสวนหลวง แขวงสวนหลวง กทม.10250,0 2722 8100,เปิดเวลา 08:00-22:00น.,1034,สวนหลวง,13.73741816,100.6357121
151,โลตัส หนองจอก,46 ถ.เชื่อมสัมพันธ์ แขวงกระทุ่มราย เขตหนองจอก กทม.10530,0 2988 3383,เปิดเวลา 08:00-21:00น.,1003,หนองจอก,13.85140826,100.8597067
152,โลตัส วังหิน,"555,557 แขวงลาดพร้าว เขตลาดพร้าว กทม. 10230",0 2942 3762,เปิดเวลา 08:00-22:00น.,1035,จอมทอง,13.82392012,100.5903521
153,โลตัส อ่อนนุช 80,172/5 ถ.อ่อนนุช แขวงประเวศ เขตประเวศ กทม.10250,0 2720 3714,เปิดเวลา 07:00-22:00น.,1032,ประเวศ,13.71814815,100.6706927
154,โลตัส ลาดกระบัง,362 ถนนหลวงแพ่ง แขวงทับยาว เขตลาดกระบัง กทม. 10520,0 2326 7023,เปิดเวลา 08:00-21:00น.,1011,ลาดกระบัง,13.71903361,100.7932157
